DFS ID,Name,Pos,Team,Opp,Status,Salary,Actual,SS Proj,Live Proj,My Proj,Value,My Own,Adj Own,Min Exp,Max Exp,Saber Team,Saber Total,dk_points,dk_25_percentile,dk_50_percentile,dk_75_percentile,dk_85_percentile,dk_95_percentile,dk_99_percentile,fd_points,fd_25_percentile,fd_50_percentile,fd_75_percentile,fd_85_percentile,fd_95_percentile,fd_99_percentile,yahoo_points,yahoo_25_percentile,yahoo_50_percentile,yahoo_75_percentile,yahoo_85_percentile,yahoo_95_percentile,yahoo_99_percentile,ob_points,ob_25_percentile,ob_50_percentile,ob_75_percentile,ob_85_percentile,ob_95_percentile,ob_99_percentile,dk_std,fd_std,yahoo_std,ob_std,PTS,Min,2PT,3PT,RB,Off Reb,Def Reb,AST,STL,BLK,TO
123876-145331,Tyrese Maxey,PG,PHI,WAS,,10400,0,50.24,,50.24,4.830769230769231,29.87,24.360144848129814,0,100,123.2037,235.65800000000002,51.7265,43.7188,51.125,58.125,61.75,68.5,76.5013,50.2387,42.2,49.425,56.55,60.15,66.8025,74.7015,50.2387,42.2,49.425,56.55,60.15,66.8025,74.7015,50.6444,42.9,49.95,56.85,60.45,66.85,74.45,10.8026,10.7117,10.7117,10.488,31.1684,36.4614,6.99758,4.07308,3.72717,0.8065,2.92067,7.08358,1.24759,0.496166,2.12367
123876-145321,Anthony Edwards,SG/SF,MIN,NO,,9500,0,46.05,,46.05,4.847368421052631,30.05,24.85438638764874,0,100,122.279,231.5085,47.8006,41.375,48.25,55.5,59.5,65.8812,73.1263,46.0549,39.55,46.6,53.55,57.7,64.15,71.4515,46.0549,39.55,46.6,53.55,57.7,64.15,71.4515,46.9373,40.6,47.35,54.25,58.2,64.6,71.651,10.5018,10.4642,10.4642,10.2364,30.9666,34.5759,7.27571,3.85788,4.44925,0.887917,3.56134,5.20341,1.12159,0.681834,2.81554
123876-157822,Scottie Barnes,PF/SF,TOR,POR,,8800,0,44.78,,44.78,5.088636363636364,34.66,28.73717603203193,0,100,117.8093,231.7748,44.2063,36.375,42.875,49.375,53.25,59.5,66.8763,44.7787,36.5,43.3,50.25,54.25,61.1025,68.85,44.7787,36.5,43.3,50.25,54.25,61.1025,68.85,45.3459,37.2,43.925,50.75,54.5575,61.3025,68.652,9.75128,10.3604,10.3604,10.0962,19.4862,33.6635,6.30625,1.23942,8.64258,2.10058,6.542,5.2205,1.38975,1.435,2.60892
123876-145539,Deni Avdija,SF/PF,POR,TOR,,9600,0,44.13,,44.13,4.596875000000001,15.76,15.37102089941119,0,100,113.9655,231.7748,45.5863,36,43,50,53.875,60.625,68,44.1339,34.55,41.45,48.5,52.5,59.4,66.7,44.1339,34.55,41.45,48.5,52.5,59.4,66.7,45.1961,35.85,42.65,49.5,53.4,60.1,67.15,10.3462,10.4571,10.4571,10.2257,23.0655,34.4632,5.78242,2.4515,5.98625,1.40742,4.57884,6.53241,0.91425,0.68725,3.18492
123876-67026,Jaylen Brown,SF/SG,BOS,NY,,9200,0,44.08,,44.08,4.791304347826087,22.47,20.03445561316326,0,100,115.1897,230.1754,45.3004,37.25,44,50.9062,54.625,61.25,68.6263,44.08,35.9,42.7,49.8,53.5,60.4,67.9005,44.08,35.9,42.7,49.8,53.5,60.4,67.9005,44.7433,36.7,43.3,50.2125,53.9,60.5025,67.8005,10.1277,10.217,10.217,9.96113,26.1763,33.7426,7.65267,2.36467,6.05367,1.51516,4.5385,5.00016,1.06375,0.400916,2.33108
123876-80810,De'Aaron Fox,PG,SA,MEM,,8400,0,43.11,,43.11,5.132142857142857,29.86,24.889008679379142,0,100,117.953,232.11970000000002,43.8248,37.25,43.75,50.125,53.75,59.8812,66.5013,43.1054,36.4,43,49.6,53.3,59.7,66.85,43.1054,36.4,43,49.6,53.3,59.7,66.85,43.6802,37.15,43.55,49.9,53.55,59.7025,66.4505,9.60166,9.87279,9.87279,9.55656,23.9671,32.6011,6.45458,2.24708,3.87775,0.85775,3.02,7.58933,1.43184,0.45275,2.50675
123876-58462,Karl-Anthony Towns,C/PF,NY,BOS,,9000,0,42.02,,42.02,4.668888888888889,19.52,17.564852664137618,0,100,114.9857,230.1754,43.2919,35,41.625,48.375,51.875,58.5,66.375,42.0236,33.6,40.2,47,50.7,57.255,65.3005,42.0236,33.6,40.2,47,50.7,57.255,65.3005,42.6966,34.35,40.95,47.6,51.2575,57.805,65.701,9.95576,9.96121,9.96121,9.81034,22.2295,32.9378,5.94958,2.043,11.3944,2.63108,8.76325,1.7865,0.582,0.717833,1.98467
123876-84690,Jalen Brunson,PG,NY,BOS,,8600,0,41.53,,41.53,4.829069767441861,26.04,22.8386141587282,0,100,114.9857,230.1754,43.4108,35.375,42.25,49.25,52.875,59.1312,66.875,41.5313,33.55,40.25,47.2,50.8,57.1,64.4005,41.5313,33.55,40.25,47.2,50.8,57.1,64.4005,42.3839,34.6,41.15,47.95,51.55,57.6525,64.9005,10.2992,10.1187,10.1187,9.95212,27.7614,34.7272,7.50842,2.70166,2.961,0.670334,2.29066,6.02525,0.634667,0.17925,2.43575
123876-66048,Brandon Ingram,SF/PF,TOR,POR,,7800,0,40.14,,40.14,5.1461538461538465,26.44,23.423414933464127,0,100,117.8093,231.7748,40.7185,34.25,40.75,47.125,50.6437,57.125,64.875,40.1408,33.35,40.2,46.85,50.55,57.0525,65.0505,40.1408,33.35,40.2,46.85,50.55,57.0525,65.0505,40.9841,34.4,41.05,47.5,51.0575,57.4525,65.1005,9.70749,10.0648,10.0648,9.78388,24.0961,33.4025,7.07233,1.67475,5.87233,1.387,4.48533,4.01367,1.26033,0.756416,2.91242
123876-42669,Julius Randle,PF,MIN,NO,,8000,0,38.96,,38.96,4.87,21.73,19.94589543508794,0,100,122.279,231.5085,40.4379,33.375,39.375,45.5,49.125,55.3812,61.75,38.9612,31.95,37.9,44.15,47.65,53.7525,60.502,38.9612,31.95,37.9,44.15,47.65,53.7525,60.502,39.863,32.9,38.75,44.8,48.45,54.3,61,9.24669,9.23524,9.23524,9.06701,20.1405,31.4622,5.24308,2.038,6.41567,1.28983,5.12583,6.332,0.689166,0.390458,2.42133
123876-84683,Jaren Jackson,PF/C,MEM,SA,,7000,0,36.37,,36.37,5.195714285714285,25.87,23.051186436693257,0,100,114.1667,232.11970000000002,36.7132,29.5,36,42.75,46.2687,52.625,61,36.3713,28.85,35.6,42.55,46.35,52.5,60.601,36.3713,28.85,35.6,42.55,46.35,52.5,60.601,37.053,29.75,36.4,43.15,46.8075,52.95,61.2505,9.75457,9.99463,9.99463,9.82014,23.2558,30.2565,6.13733,2.08575,4.65841,1.12967,3.52875,2.20092,0.759417,1.21875,2.15784
123876-40562,Josh Hart,SF/PF,NY,BOS,,7500,0,35.8,,35.8,4.7733333333333325,17.43,16.707436749564085,0,100,114.9857,230.1754,36.5232,29.625,35.5,41.5,44.875,50.625,57.5013,35.8025,28.9,34.65,40.8,44.15,49.95,56.95,35.8025,28.9,34.65,40.8,44.15,49.95,56.95,36.1605,29.4,35.05,41.05,44.35,49.9025,56.851,8.81472,8.91502,8.91502,8.71709,12.1781,35.267,3.083,1.42316,10.3176,2.37692,7.94066,5.40017,0.97625,0.362,1.7355
123876-49675,Derrick White,SG/PG,BOS,NY,Q,7500,0,35.32,,35.32,4.709333333333333,17,16.204181487624574,0,100,115.1897,230.1754,35.7755,29,35.5,41.875,45.5,51.5,59,35.3237,28.7,35.2,41.65,45.2,51.6,58.801,35.3237,28.7,35.2,41.65,45.2,51.6,58.801,35.5937,29.05,35.4,41.75,45.2,51.1525,58.3015,9.47911,9.61489,9.61489,9.38307,18.2688,33.0401,3.03742,3.14517,3.60491,0.914,2.69092,5.11425,1.13525,1.06483,1.5485
123876-203734,Zach Edey,C,MEM,SA,,7200,0,35.3,,35.3,4.902777777777778,4.88,5.285549415936829,0,100,114.1667,232.11970000000002,35.0211,27.375,32.875,38.75,42.0187,47.875,54.5,35.2994,27.1,33.025,39.2,42.65,49.05,56.45,35.2994,27.1,33.025,39.2,42.65,49.05,56.45,35.7839,27.7,33.55,39.7,43.05,49.3025,56.551,8.57988,9.08114,9.08114,8.93326,13.7277,29.4706,5.264,0.368666,10.8226,2.55775,8.26492,2.09659,0.684583,1.05816,1.70933
123876-145348,Immanuel Quickley,PG/SG,TOR,POR,,7000,0,35.13,,35.13,5.018571428571429,32.72,27.909701697367286,0,100,117.8093,231.7748,36.1443,29.5,35.5,41.75,45.25,51.5,59.375,35.1288,28.45,34.5,40.75,44.2,50.6,58.6505,35.1288,28.45,34.5,40.75,44.2,50.6,58.6505,35.4399,28.95,34.825,40.9,44.3,50.25,58.201,9.26323,9.27044,9.27044,8.97614,18.1634,31.9949,3.13017,2.82233,4.12659,1.00008,3.1265,5.93842,1.39975,0.195083,1.98342
123876-157847,Trey Murphy,SF/SG,NO,MIN,Q,7300,0,33.85,,33.85,4.636986301369864,13.48,13.38947706529825,0,100,109.2295,231.5085,35.3309,27.625,34.25,41.75,45.875,52.625,60.75,33.8527,26.45,32.925,40.0625,44.15,50.7,58.65,33.8527,26.45,32.925,40.0625,44.15,50.7,58.65,34.1741,26.95,33.3,40.2625,44.2,50.55,58.4505,10.2815,10.0294,10.0294,9.80038,19.7015,32.6497,2.74587,3.78941,4.94859,1.44421,3.50437,3.23571,1.08492,0.470459,1.66746
123876-12341,Paul George,SF/PF,PHI,WAS,Q,6200,0,32.36,,32.36,5.219354838709677,22.86,21.399946996407078,0,100,123.2037,235.65800000000002,32.7977,26.75,32.625,39,42.75,49.625,57.6263,32.3602,26.1,32.2,38.725,42.35,49.2,57.9015,32.3602,26.1,32.2,38.725,42.35,49.2,57.9015,32.5897,26.5,32.425,38.7,42.3,49,57.3,9.30272,9.50096,9.50096,9.17809,16.6098,28.2673,3.11942,2.58475,4.66908,1.00567,3.66342,4.21983,1.6245,0.477,2.08133
123876-40203,Rudy Gobert,C,MIN,NO,,5700,0,32.32,,32.32,5.670175438596491,16.88,15.145317420835754,0,100,122.279,231.5085,31.2595,24.375,29.5,34.625,37.625,42.875,49,32.3174,24.8,30.3,36.0125,39.2,44.7525,51.602,32.3174,24.8,30.3,36.0125,39.2,44.7525,51.602,32.5544,25.1875,30.65,36.2,39.4,44.85,51.45,7.72115,8.32687,8.32687,8.25375,9.50675,30.4129,3.834,0.01775,11.7251,2.35225,9.37284,1.22029,0.682666,1.43271,1.15446
123876-19067,CJ McCollum,SG/PG,WAS,PHI,,6300,0,32.25,,32.25,5.1190476190476195,22.63,21.328771855164884,0,100,112.4543,235.65800000000002,33.9166,26.25,32.625,39.5,43.375,50,57.875,32.2508,24.6,31.1,37.85,41.65,48.05,55.7005,32.2508,24.6,31.1,37.85,41.65,48.05,55.7005,33.0069,25.55,31.9,38.4,42.05,48.45,56.0005,9.84313,9.67151,9.67151,9.4788,20.9613,30.3867,4.6375,3.01225,2.99033,0.72625,2.26408,3.73809,0.81225,0.39275,2.27016
123876-58378,Jakob Poeltl,C,TOR,POR,,5900,0,32.16,,32.16,5.450847457627119,11.86,11.24299533217627,0,100,117.8093,231.7748,31.2385,25,30.25,35.875,39,44.1312,50.1263,32.1552,25.45,31.05,37.15,40.5,46.5,53.05,32.1552,25.45,31.05,37.15,40.5,46.5,53.05,32.5816,25.9875,31.5,37.5,40.8,46.6,53.3505,8.01212,8.72128,8.72128,8.54224,11.2211,28.5861,4.84933,0.03675,10.3948,2.43633,7.9585,1.67925,1.01367,1.35358,1.86433
123876-203722,Kyshawn George,SF/SG,WAS,PHI,,6800,0,31.75,,31.75,4.669117647058823,13.43,13.358467545120584,0,100,112.4543,235.65800000000002,32.551,24.5,30.875,37.625,41.125,47.3812,55,31.7507,23.65,30.1,36.8625,40.45,46.7,54.3005,31.7507,23.65,30.1,36.8625,40.45,46.7,54.3005,32.0868,24.15,30.5,37.15,40.6,46.7,54.0505,9.51698,9.50231,9.50231,9.32962,13.6777,29.9235,2.46167,2.46525,5.60309,1.34967,4.25342,4.72066,0.808334,0.702333,1.50375
123876-228132,Derik Queen,PF/C,NO,MIN,,6400,0,31.69,,31.69,4.9515625000000005,16.33,15.706933066926114,0,100,109.2295,231.5085,31.3149,23.125,28.75,34.625,38,43.375,50,31.6885,23.0375,29,35.3,38.8,44.7,51.603,31.6885,23.0375,29,35.3,38.8,44.7,51.603,31.9798,23.5,29.35,35.5,38.8,44.55,51.2515,8.40281,8.90795,8.90795,8.64451,11.2651,27.1458,3.72754,0.72825,6.89,1.99767,4.89233,3.99688,1.19146,0.7075,1.84246
123876-23831,Jerami Grant,PF/SF,POR,TOR,,6100,0,31.65,,31.65,5.188524590163934,24.42,22.764778817243176,0,100,113.9655,231.7748,32.1903,25.875,31.875,38.0312,41.75,47.625,55,31.6536,25.2875,31.3,37.75,41.45,47.35,54.6505,31.6536,25.2875,31.3,37.75,41.45,47.35,54.6505,32.117,25.95,31.75,38,41.6,47.45,54.801,9.07108,9.22093,9.22093,8.99984,20.5144,31.9357,4.52975,2.23733,3.30375,0.76875,2.535,2.67742,0.950333,0.74175,1.89234
123876-145324,Devin Vassell,SF/SG,SA,MEM,,6300,0,31.24,,31.24,4.958730158730158,20.61,19.25993356354007,0,100,117.953,232.11970000000002,31.8974,25.75,31.75,37.5,40.875,46.875,53,31.2428,25.3,31,36.9,40.55,46.2025,52.7505,31.2428,25.3,31,36.9,40.55,46.2025,52.7505,31.4707,25.6,31.3,36.9,40.35,45.95,52.0005,8.65694,8.72945,8.72945,8.46393,18.4337,32.056,3.88217,2.71533,3.97,0.874,3.096,3.05842,1.24875,0.47875,1.65517
123876-203714,Donovan Clingan,C,POR,TOR,Q,6300,0,31.23,,31.23,4.957142857142857,5.03,5.35578689275732,0,100,113.9655,231.7748,30.4632,24.125,29.625,35.25,38.375,43.625,50.625,31.2267,24.45,30.3,36.4,39.75,45.7025,52.851,31.2267,24.45,30.3,36.4,39.75,45.7025,52.851,31.4727,24.9,30.55,36.5,39.8,45.5525,52.8505,8.16677,8.80114,8.80114,8.60308,10.3561,25.5924,3.20516,0.702334,9.28208,2.151,7.13108,2.477,0.940084,1.3585,1.4305
123876-157826,Quentin Grimes,SG/SF,PHI,WAS,,6400,0,30.78,,30.78,4.809375,16.11,15.639821634337226,0,100,123.2037,235.65800000000002,32.023,23.875,29.5,35.25,38.6437,44.25,51.125,30.7806,22.7,28.25,33.9,37.15,42.6025,49.701,30.7806,22.7,28.25,33.9,37.15,42.6025,49.701,30.9745,23.15,28.5,34.05,37.2,42.55,49.2005,8.47576,8.29238,8.29238,8.06192,15.2302,27.1255,1.71167,3.3835,3.97175,0.87475,3.097,3.94675,1.116,0.316583,1.66908
123876-84670,Mikal Bridges,SG/SF,NY,BOS,,6900,0,30.7,,30.7,4.449275362318841,5.27,5.796004700615078,0,100,114.9857,230.1754,30.4451,23.125,28.875,34.75,38,43.5,50.2513,30.7015,23.05,28.95,35.05,38.5,44.15,51.2015,30.7015,23.05,28.95,35.05,38.5,44.15,51.2015,30.758,23.35,29.05,34.95,38.25,43.7525,50.651,8.57322,8.88419,8.88419,8.61634,14.3898,34.5193,3.25833,1.93875,3.94858,0.910833,3.03775,3.62833,1.23317,0.797083,1.44009
123876-145335,Payton Pritchard,PG/SG,BOS,NY,,6600,0,30.55,,30.55,4.628787878787879,10.5,10.734752335602959,0,100,115.1897,230.1754,32.3609,25.5,31.625,37.75,41.375,47,54.2525,30.5532,24.2,29.85,35.9,39.2075,44.7525,51.45,30.5532,24.2,29.85,35.9,39.2075,44.7525,51.45,30.9037,24.6,30.175,36.1,39.35,44.7525,51.1505,8.99648,8.649,8.649,8.46348,16.8578,32.3334,2.53858,3.52067,4.13041,1.061,3.06942,4.59967,0.712417,0.207417,1.31175
123876-15557,Andre Drummond,C,PHI,WAS,Q,6500,0,29.95,,29.95,4.607692307692307,0.51,0.756133938076578,0,100,123.2037,235.65800000000002,29.2763,25.25,30.375,36.125,39.375,45.6312,53.25,29.9542,25.6,31.15,37.35,40.9,47.6,56.0505,29.9542,25.6,31.15,37.35,40.9,47.6,56.0505,30.105,25.8375,31.3,37.3,40.7,47.15,55.3505,8.27923,8.96351,8.96351,8.68141,9.6776,28.6754,3.59191,0.292084,12.3586,2.78092,9.57767,1.19192,1.5825,0.855334,1.79183
123876-157811,Neemias Queta,C,BOS,NY,Q,5400,0,29.09,,29.09,5.387037037037038,9.32,9.16244420364309,0,100,115.1897,230.1754,28.3006,22.375,27.375,32.5,35.375,40.5,46.875,29.0884,22.85,28.15,33.75,36.9,42.5525,49.051,29.0884,22.85,28.15,33.75,36.9,42.5525,49.051,29.3545,23.15,28.4,33.9,37,42.45,49.05,7.52275,8.14427,8.14427,7.97944,10.3827,26.2786,4.12,0.1745,9.387,2.34025,7.04675,1.3755,0.799167,1.22433,1.26866
123876-188447,Toumani Camara,SF/PF,POR,TOR,,5600,0,28.97,,28.97,5.173214285714286,18.85,18.239374152961172,0,100,113.9655,231.7748,28.5198,22.875,28.625,34.5,37.75,43.625,50.6263,28.9731,23.0375,29,35.25,38.7,44.8,52.4005,28.9731,23.0375,29,35.25,38.7,44.8,52.4005,28.9806,23.3,29.05,35.0125,38.3,44.2,51.6005,8.63343,9.09477,9.09477,8.74378,14.1868,33.0956,3.04584,1.89492,4.70284,1.13425,3.56858,2.47109,1.66584,0.821167,1.64442
123876-110995,Naz Reid,C/PF,MIN,NO,,5500,0,28.78,,28.78,5.2327272727272724,18.96,17.83480780077057,0,100,122.279,231.5085,28.9583,23.375,28.625,34.5,38,43.875,50.2513,28.7778,22.95,28.4,34.55,37.95,44.105,50.951,28.7778,22.95,28.4,34.55,37.95,44.105,50.951,29.0606,23.4,28.7,34.7,38.15,44.1025,50.801,8.48516,8.71239,8.71239,8.53409,14.9987,25.1457,3.37246,2.06709,6.22992,1.27587,4.95404,1.57588,0.797292,1.04596,1.407
123876-145328,Saddiq Bey,SF/PF,NO,MIN,,6900,0,28.59,,28.59,4.143478260869565,1.01,1.2928225554319588,0,100,109.2295,231.5085,29.4114,22.875,28.625,35,38.5,44.5062,51.7513,28.589,22.1,27.9,34.1,37.65,43.6,50.75,28.589,22.1,27.9,34.1,37.65,43.6,50.75,28.7099,22.3,27.975,34.1,37.55,43.4025,50.45,8.9492,8.82261,8.82261,8.64509,15.5475,31.642,2.81071,2.24016,5.97804,1.75121,4.22683,2.18404,0.870166,0.280416,1.09579
123876-84679,Marvin Bagley,C,WAS,PHI,,4300,0,28.54,,28.54,6.637209302325581,28.22,25.199306048134435,0,100,112.4543,235.65800000000002,27.9724,20.875,26.125,31.875,34.8937,40.25,46.625,28.5411,21.1,26.7,32.6,36.1,41.8525,48.701,28.5411,21.1,26.7,32.6,36.1,41.8525,48.701,28.7261,21.45,26.95,32.75,36.05,41.6,48.25,7.93579,8.47177,8.47177,8.24487,12.9857,26.4473,4.76017,0.3985,7.07733,1.7035,5.37384,1.14759,0.991248,0.796417,1.3805
123876-171756,Vince Williams,SG/PG,MEM,SA,,5900,0,28.27,,28.27,4.791525423728814,14.36,14.126534806105665,0,100,114.1667,232.11970000000002,28.8493,22.625,28.125,33.625,36.75,42,48.75,28.2716,21.95,27.5,33.3,36.4,41.6,48.3005,28.2716,21.95,27.5,33.3,36.4,41.6,48.3005,28.6801,22.5,27.9,33.5,36.55,41.7,48.251,8.1635,8.29117,8.29117,8.079,9.53158,25.5869,1.70325,1.58059,4.5115,1.07575,3.43575,7.01658,0.8965,0.439916,1.7195
123876-84681,Donte DiVincenzo,SG/PG,MIN,NO,,5600,0,27.72,,27.72,4.949999999999999,17.64,16.9897305322071,0,100,122.279,231.5085,28.4812,22.125,27.75,33.5,36.75,42.125,49.1275,27.7219,21.4,27.05,32.7,35.8,41.3,47.8015,27.7219,21.4,27.05,32.7,35.8,41.3,47.8015,27.8631,21.8,27.2,32.7,35.65,40.85,47.5005,8.33963,8.30202,8.30202,8.03658,13.3733,29.9179,1.56004,3.05241,3.63966,0.738208,2.90146,3.95341,1.31662,0.414625,1.60834
123876-228127,Cedric Coward,SG/SF,MEM,SA,,5300,0,27.54,,27.54,5.196226415094339,22.01,20.90223071136677,0,100,114.1667,232.11970000000002,27.4072,21.25,26.625,32.375,35.625,41.125,48.0013,27.5354,21.1,26.75,32.65,36,41.65,48.751,27.5354,21.1,26.75,32.65,36,41.65,48.751,27.5027,21.25,26.75,32.45,35.7,41.1525,48.102,8.2329,8.52201,8.52201,8.22511,12.851,27.9859,3.23759,1.49434,5.15092,1.2525,3.89842,2.78233,1.36133,0.388667,1.32709
123876-145319,Jaden McDaniels,SF/PF,MIN,NO,,5700,0,27.52,,27.52,4.828070175438596,8.37,8.781994655028587,0,100,122.279,231.5085,26.855,19,24,29,32.125,37.25,44.125,27.5186,19.35,24.5,29.9,32.8575,38.5,44.802,27.5186,19.35,24.5,29.9,32.8575,38.5,44.802,27.4486,19.5,24.45,29.65,32.7,38.1025,44.651,7.5282,7.91299,7.91299,7.68599,12.9199,29.2754,3.41846,1.57367,4.03284,0.804209,3.22863,1.35729,1.05846,0.967166,1.03358
123876-228131,Jeremiah Fears,PG,NO,MIN,,5800,0,27.36,,27.36,4.7172413793103445,10.53,10.704809358422748,0,100,109.2295,231.5085,27.9618,20.5,25.875,31.625,34.875,40.625,47.1263,27.3582,19.85,25.4,31.2,34.45,40.35,47.2005,27.3582,19.85,25.4,31.2,34.45,40.35,47.2005,27.8932,20.5,25.85,31.5,34.75,40.405,46.951,8.24477,8.47048,8.47048,8.16486,15.859,27.6676,4.29229,1.59137,2.90254,0.839875,2.06266,2.74267,1.24492,0.275333,2.30137
123876-188416,Bilal Coulibaly,SF/PF,WAS,PHI,,5200,0,27.04,,27.04,5.2,15.52,15.383998950203551,0,100,112.4543,235.65800000000002,26.7151,20.25,25.625,31.625,34.875,40.75,46.8775,27.0397,20.25,25.95,32.3,35.65,41.8025,48.251,27.0397,20.25,25.95,32.3,35.65,41.8025,48.251,27.2923,20.7,26.2,32.25,35.65,41.5525,47.653,8.34607,8.82668,8.82668,8.50428,11.3378,30.6318,2.45517,1.41883,4.17741,0.995418,3.182,3.53141,1.47175,0.786583,1.92608
123876-171804,Shaedon Sharpe,SG/PG,POR,TOR,,6700,0,26.01,,26.01,3.8820895522388064,0.64,0.8597165650661277,0,100,113.9655,231.7748,26.7467,20.875,26,31.5,34.75,40,46.1263,26.0143,20.1,25.25,30.85,34,39.2,46,26.0143,20.1,25.25,30.85,34,39.2,46,26.2921,20.55,25.55,31,33.9575,39.1025,45.4,7.93241,7.99416,7.99416,7.72197,16.1917,22.1,3.8635,2.02884,3.47775,0.86575,2.612,2.04591,1.06384,0.22375,1.63759
123876-228133,VJ Edgecombe,SF/SG,PHI,WAS,,6200,0,25.86,,25.86,4.170967741935484,1.48,1.849671082276322,0,100,123.2037,235.65800000000002,25.9472,19.875,24.75,29.875,32.875,38.125,44,25.8615,19.6,24.6,29.85,32.95,38.2,43.851,25.8615,19.6,24.6,29.85,32.95,38.2,43.851,25.8757,19.8,24.65,29.75,32.7,37.8525,43.3505,7.51889,7.68357,7.68357,7.44116,12.4248,26.0457,2.85992,1.65791,3.60441,0.793333,2.81108,3.32683,1.10475,0.36025,1.19992
123876-172098,Julian Champagnie,SG/SF,SA,MEM,,4800,0,25.78,,25.78,5.370833333333334,21.02,20.09257254614357,0,100,117.953,232.11970000000002,26.2638,20.625,26,31.75,34.875,40.375,47.25,25.7825,20.15,25.55,31.3625,34.6,39.85,46.4005,25.7825,20.15,25.55,31.3625,34.6,39.85,46.4005,25.8383,20.4,25.65,31.2,34.4,39.5525,46.1005,8.17799,8.18381,8.18381,7.94643,12.4903,28.0704,1.42867,2.64341,5.69308,1.26341,4.42967,1.76617,1.12475,0.613083,1.20525
123876-41083,Luke Kornet,C,SA,MEM,,4700,0,25.76,,25.76,5.480851063829788,5.66,5.900478416186219,0,100,117.953,232.11970000000002,24.405,19.375,23.75,28.625,31.25,35.875,41.3763,25.7581,20.1,25.05,30.45,33.4,38.65,44.551,25.7581,20.1,25.05,30.45,33.4,38.65,44.551,25.7501,20.25,25.05,30.35,33.3,38.3525,44.3,6.89799,7.61539,7.61539,7.48383,7.56242,25.8349,3.00225,0.122084,7.221,1.602,5.619,2.35533,0.709916,1.41567,0.67475
123876-157844,Santi Aldama,PF/C,MEM,SA,,5500,0,25.73,,25.73,4.678181818181819,4.4,4.894339592548486,0,100,114.1667,232.11970000000002,26.1445,21,26,31.375,34.375,39.7562,47.25,25.7321,20.55,25.55,30.95,34.05,39.5525,46.3505,25.7321,20.55,25.55,30.95,34.05,39.5525,46.3505,25.9084,20.85,25.8,31.05,34.05,39.45,46.0505,7.74762,7.79203,7.79203,7.61106,12.3488,24.7183,2.80725,1.75275,5.6385,1.45842,4.18008,2.81142,0.761666,0.52025,1.15308
123876-110347,Keldon Johnson,SF/PF,SA,MEM,,5300,0,25.55,,25.55,4.820754716981132,8.17,8.733425125981917,0,100,117.953,232.11970000000002,26.0963,20.7188,25.375,30.5,33.375,38.375,44.3763,25.5478,20.2,24.9,29.95,32.85,37.85,43.6505,25.5478,20.2,24.9,29.95,32.85,37.85,43.6505,25.7189,20.4375,25.05,30,32.8,37.7025,43.4505,7.28193,7.30645,7.30645,7.13434,12.6017,22.8021,3.14166,1.36459,6.44783,1.40567,5.04216,2.01208,0.658834,0.308583,1.01925
123876-171925,Dominick Barlow,PF/C,PHI,WAS,,5200,0,24.89,,24.89,4.786538461538462,5.16,5.606192510048762,0,100,123.2037,235.65800000000002,24.1584,18.5,23,27.625,30.375,35,40.625,24.8876,18.8,23.55,28.6,31.45,36.5525,42.5505,24.8876,18.8,23.55,28.6,31.45,36.5525,42.5505,24.9673,19,23.7,28.65,31.4,36.45,42.2505,6.87951,7.33408,7.33408,7.19443,10.3166,27.5149,3.54975,0.504667,6.202,1.35159,4.85042,1.39875,0.604417,1.00983,0.803083
123876-157824,Miles McBride,PG/SG,NY,BOS,,4900,0,24,,24,4.8979591836734695,12.42,12.420336295999773,0,100,114.9857,230.1754,24.5941,15.375,20.25,25.75,28.625,34,40.125,23.9991,14.8,19.625,25.1,27.95,33.1,39.401,23.9991,14.8,19.625,25.1,27.95,33.1,39.401,23.8699,15.05,19.675,24.9,27.7575,32.7,38.951,7.61047,7.54726,7.54726,7.27522,12.8092,33.0127,1.84342,2.64658,1.86525,0.441167,1.42408,1.40783,1.11525,0.263,1.16458
123876-15946,Harrison Barnes,PF/SF,SA,MEM,,4400,0,23.64,,23.64,5.372727272727273,16.25,16.016958410830142,0,100,117.953,232.11970000000002,23.9938,18.625,23.625,28.875,31.75,36.875,42.875,23.6394,18.3,23.3,28.7,31.55,36.6525,42.8,23.6394,18.3,23.3,28.7,31.55,36.6525,42.8,23.6744,18.55,23.3,28.55,31.3,36.3,42.2005,7.46977,7.55838,7.55838,7.32271,13.3013,30.2069,2.411,1.85242,3.8285,0.850083,2.97842,1.90208,0.968252,0.342333,1.02134
123876-188451,Tristan Vukcevic,C,WAS,PHI,,4200,0,22.59,,22.59,5.378571428571429,3.28,3.515801782351071,0,100,112.4543,235.65800000000002,23.2387,18.375,23.25,28.625,31.375,36.7562,43.5,22.59,17.75,22.7,28.1,31.1,36.3525,43.0505,22.59,17.75,22.7,28.1,31.1,36.3525,43.0505,23.1547,18.35,23.275,28.5,31.45,36.65,43.101,7.60152,7.70564,7.70564,7.56342,11.656,21.0659,2.43,1.482,5.21125,1.30059,3.91067,2.10367,0.522583,0.688417,1.56575
123876-203729,Yves Missi,C,NO,MIN,,4100,0,22.32,,22.32,5.443902439024391,3.09,3.411706530790679,0,100,109.2295,231.5085,22.1551,18.25,22.75,27.5,30.125,34.5,40.5013,22.3192,18.2,22.9,28.05,30.7,35.6525,41.8005,22.3192,18.2,22.9,28.05,30.7,35.6525,41.8005,22.6629,18.6,23.275,28.3,30.95,35.7525,41.6515,6.73537,7.16979,7.16979,7.05477,8.21241,26.0536,2.66242,0.275333,7.32058,2.08175,5.23883,2.34542,0.416791,0.874583,1.06441
123876-203776,Jaylen Wells,SG/SF,MEM,SA,,4400,0,21.76,,21.76,4.945454545454545,7.8,8.021032706541492,0,100,114.1667,232.11970000000002,22.617,17.125,22.125,27.5,30.375,35.625,42.1263,21.7603,16.25,21.2,26.45,29.3,34.6,40.6,21.7603,16.25,21.2,26.45,29.3,34.6,40.6,22.0233,16.6875,21.55,26.65,29.35,34.55,40.601,7.62965,7.53606,7.53606,7.33814,12.9362,28.2408,2.59117,2.10092,3.17825,0.810166,2.36808,2.206,0.69675,0.227,1.25991
123876-203731,Jared McCain,SG/PG,PHI,WAS,,4300,0,21.74,,21.74,5.0558139534883715,12.49,12.487981036980681,0,100,123.2037,235.65800000000002,22.6503,15.25,20.125,25.125,28.125,33.625,40.7513,21.7427,14.5,19.1,24.2,27.2,32.45,39.05,21.7427,14.5,19.1,24.2,27.2,32.45,39.05,22.0355,15,19.5,24.4125,27.4,32.3525,38.952,7.41649,7.31474,7.31474,7.13057,14.7047,23.9902,3.41483,1.85859,1.26634,0.281166,0.985166,1.65384,0.661166,0.107916,1.38617
123876-158855,Justin Champagnie,SF/PF,WAS,PHI,,3800,0,21.7,,21.7,5.7105263157894735,17.46,17.128220321698493,0,100,112.4543,235.65800000000002,21.4609,17.375,22,26.875,29.625,34.75,40.7513,21.6969,17.5,22.35,27.4,30.45,35.8,42.3,21.6969,17.5,22.35,27.4,30.45,35.8,42.3,21.7157,17.6,22.3,27.25,30.1,35.4,41.5,7.13812,7.53407,7.53407,7.26354,8.74258,22.4938,1.90791,1.182,5.84275,1.564,4.27875,1.76033,1.13891,0.640833,1.03083
123876-188406,Cam Whitmore,SF,WAS,PHI,,3900,0,20.84,,20.84,5.343589743589744,8.38,8.612706702958432,0,100,112.4543,235.65800000000002,21.0291,16.25,21,25.875,29,34.125,39.8763,20.8405,16.0875,20.8,25.95,28.95,34.2025,40.3505,20.8405,16.0875,20.8,25.95,28.95,34.2025,40.3505,20.9098,16.25,20.825,25.8,28.8075,33.8025,39.8,7.17091,7.36738,7.36738,7.11063,12.4584,22.3042,2.93291,1.49583,3.03284,0.818333,2.2145,1.56983,1.00325,0.302583,1.07384
123876-203777,Cam Spencer,SG/PG,MEM,SA,,4100,0,20.52,,20.52,5.004878048780488,10.45,10.57821745093488,0,100,114.1667,232.11970000000002,21.0646,16.625,21,26.125,28.8937,33.625,39.25,20.5172,16.1,20.55,25.6,28.45,33.2,39.151,20.5172,16.1,20.55,25.6,28.45,33.2,39.151,20.7751,16.45,20.75,25.7,28.45,33.0525,38.9005,7.02247,7.07861,7.07861,6.87002,11.7666,22.7656,2.59183,1.55842,0.942833,0.247917,0.694916,4.44383,0.721,0.164334,1.23708
123876-84708,Robert Williams,C,POR,TOR,,4600,0,20.45,,20.45,4.445652173913043,0.18,0.22710635976840854,0,100,113.9655,231.7748,19.2776,14.75,18.875,23.5,25.875,30.625,36.375,20.4494,15.5,20,25.0125,27.8,33.05,39.701,20.4494,15.5,20,25.0125,27.8,33.05,39.701,20.4227,15.6,19.95,24.9,27.6,32.705,39.251,6.39978,7.11966,7.11966,6.95212,5.84225,18.9704,2.41775,0.03675,6.22259,1.54717,4.67542,1.64742,0.7525,1.07575,0.749583
123876-157846,Sandro Mamukelashvili,C,TOR,POR,,4600,0,20.16,,20.16,4.3826086956521735,0.09,0.10973996800117575,0,100,117.8093,231.7748,20.1126,15.75,20.5,25.625,28.625,34.5,42,20.1643,15.75,20.6,25.95,29.05,34.9525,42.5005,20.1643,15.75,20.6,25.95,29.05,34.9525,42.5005,20.3283,15.95,20.75,26,29.05,34.9,42.2505,7.47429,7.73602,7.73602,7.56488,9.3935,20.4167,2.2645,1.15258,4.98234,1.25092,3.73142,1.72716,0.732333,0.697833,1.02525
123876-203721,Bub Carrington,PG,WAS,PHI,,3900,0,20.06,,20.06,5.143589743589743,10.65,10.73300681808178,0,100,112.4543,235.65800000000002,20.7432,15.75,20.375,25.5,28.375,33.5,39.3763,20.0641,15.05,19.9,25.05,27.9,33.1,39.1505,20.0641,15.05,19.9,25.05,27.9,33.1,39.1505,20.5266,15.6,20.25,25.3,28.05,33.15,39.051,7.24541,7.32578,7.32578,7.1205,8.35083,26.5972,1.57642,1.29966,3.62325,0.880333,2.74292,4.10342,0.7265,0.2805,1.57275
123876-158373,Jose Alvarado,PG,NO,MIN,,4600,0,20.01,,20.01,4.3500000000000005,1.19,1.2749598395908421,0,100,109.2295,231.5085,20.3283,15.375,20.125,25.375,28.5,33.875,40.1275,20.0085,15,19.85,25.2125,28.4,34.05,40.151,20.0085,15,19.85,25.2125,28.4,34.05,40.151,20.181,15.3,20.05,25.15,28.3,33.7025,39.5005,7.45971,7.65926,7.65926,7.37441,10.2323,21.7845,1.88229,1.60408,2.29588,0.657542,1.63833,3.12162,1.12575,0.252542,1.37937
123876-84717,Anfernee Simons,SG/PG,BOS,NY,,4800,0,19.41,,19.41,4.043749999999999,0.54,0.6194165569921175,0,100,115.1897,230.1754,20.7607,15.375,20,25,27.75,32.875,38.5013,19.4136,14.2,18.8,23.55,26.2,31.25,36.5505,19.4136,14.2,18.8,23.55,26.2,31.25,36.5505,19.9129,14.9,19.3,23.95,26.55,31.25,36.501,7.09999,6.93865,6.93865,6.72272,12.7923,21.0528,2.31358,2.16792,1.94209,0.51325,1.42883,2.3545,0.57175,0.081,1.47809
123876-20640,Jordan Clarkson,SG/PG,NY,BOS,,3900,0,19.12,,19.12,4.902564102564103,6.61,6.734577466570707,0,100,114.9857,230.1754,20.1671,14.875,19.375,24.5,27.25,32.0062,38.125,19.1179,13.8,18.35,23.4,26.1,31.05,36.8005,19.1179,13.8,18.35,23.4,26.1,31.05,36.8005,19.7322,14.6,19.05,23.85,26.55,31.35,37.0025,7.0155,7.00156,7.00156,6.78902,12.5978,21.9771,2.74692,1.754,1.9945,0.43225,1.56225,2.1445,0.588167,0.250167,1.92584
123876-228126,Dylan Harper,SG/PG,SA,MEM,,4700,0,18.72,,18.72,3.982978723404255,0.47,0.5058972330622995,0,100,117.953,232.11970000000002,19.0854,14.25,18.625,23.625,26.25,31.25,37.6263,18.7163,13.65,18.25,23.2,26.15,31.25,37.351,18.7163,13.65,18.25,23.2,26.15,31.25,37.351,19.0223,14.25,18.6,23.4,26.2,31.1,37.251,6.94066,7.11221,7.11221,6.86574,10.3938,19.8428,2.81567,1.0765,2.53983,0.5285,2.01133,2.52792,0.874583,0.147583,1.56342
123876-203798,Jamal Shead,PG,TOR,POR,,4000,0,18.54,,18.54,4.635,3.25,3.3899677840362705,0,100,117.8093,231.7748,18.6491,14.125,18.375,23.125,25.75,30.6313,35.8763,18.5425,13.8,18.45,23.3,26.05,30.905,36.451,18.5425,13.8,18.45,23.3,26.05,30.905,36.451,18.8341,14.3375,18.7,23.4,26,30.7,35.9015,6.66188,6.96641,6.96641,6.69152,7.2885,19.7309,1.61716,0.8155,2.09425,0.52125,1.573,4.6025,1.04725,0.189,1.57192
123876-158137,Jock Landale,C,MEM,SA,,3800,0,18.43,,18.43,4.8500000000000005,0.4,0.46599879559486757,0,100,114.1667,232.11970000000002,18.4344,14.5,18.75,23.25,26.125,30.75,36.75,18.4284,14.45,18.7,23.45,26.3575,31.25,37.6015,18.4284,14.45,18.7,23.45,26.3575,31.25,37.6015,18.6234,14.65,18.9,23.55,26.4,31.2,37.4505,6.56847,6.80609,6.80609,6.68314,8.03391,17.8648,2.45891,0.549167,4.86908,1.26767,3.60141,2.21766,0.456416,0.497,0.825833
123876-84709,Mitchell Robinson,C,NY,BOS,,3900,0,18.39,,18.39,4.7153846153846155,0.32,0.3700707266631611,0,100,114.9857,230.1754,17.3306,13.25,17.25,21.375,23.875,28.375,34.5,18.3944,13.9,18.15,22.8,25.6,30.7,37.5505,18.3944,13.9,18.15,22.8,25.6,30.7,37.5505,18.2865,13.85,18.05,22.6,25.35,30.3,37.4,6.11684,6.80798,6.80798,6.64949,3.73066,18.2831,1.59034,0.0201667,7.95817,1.7555,6.20266,0.574417,0.76625,0.932666,0.576334
123876-228169,Micah Peavy,SG,NO,MIN,,4000,0,18.35,,18.35,4.5875,1.19,1.2514269283204889,0,100,109.2295,231.5085,18.5279,13.625,18,22.75,25.375,30.125,35.6275,18.3503,13.35,17.85,22.7,25.6075,30.4025,36.0005,18.3503,13.35,17.85,22.7,25.6075,30.4025,36.0005,18.5719,13.75,18.05,22.7625,25.4,30.15,35.35,6.72783,6.96358,6.96358,6.69076,8.07263,23.4212,1.6445,1.04979,2.04521,0.594042,1.45116,3.70012,1.00513,0.180667,1.36937
123876-188429,Kris Murray,SF,POR,TOR,,3900,0,18.28,,18.28,4.687179487179487,1.17,1.2398777023806886,0,100,113.9655,231.7748,17.6865,13.125,17.375,21.875,24.5,29,34.75,18.2813,13.4,17.95,22.8,25.6075,30.75,36.551,18.2813,13.4,17.95,22.8,25.6075,30.75,36.551,18.156,13.55,17.8,22.45,25.1,30.05,35.6005,6.50574,7.03987,7.03987,6.71244,5.976,23.3827,1.25383,0.846,4.24425,1.09425,3.15,2.02158,1.3065,0.4635,1.03642
123876-203727,Ja'Kobe Walter,SG,TOR,POR,,4000,0,18.02,,18.02,4.505,1.16,1.2677393808945452,0,100,117.8093,231.7748,18.0442,14.125,18.25,22.875,25.625,30.5,36.125,18.0248,13.9,18.25,23.15,25.9,30.9025,36.6505,18.0248,13.9,18.25,23.15,25.9,30.9025,36.6505,18.0871,14.1,18.3,22.9,25.6075,30.45,36,6.63694,6.87771,6.87771,6.60591,9.45035,24.4475,1.75691,1.31741,3.57266,0.854917,2.71775,1.254,1.08592,0.33675,1.13841
123876-188457,Jordan Walsh,SF/SG,BOS,NY,,4100,0,18.01,,18.01,4.392682926829269,1.13,1.2604005318624487,0,100,115.1897,230.1754,18.1239,14.125,18.25,22.625,25.125,29.625,34.75,18.012,13.8,18.175,22.8,25.4,30.1,35.2005,18.012,13.8,18.175,22.8,25.4,30.1,35.2005,18.2218,14.1375,18.3,22.7625,25.35,29.85,34.9005,6.35159,6.61965,6.61965,6.38973,6.34159,24.8591,1.17283,1.05075,5.78392,1.43509,4.34883,1.54592,0.814333,0.534416,1.14584
123876-203771,Adem Bona,C,PHI,WAS,,4500,0,17.59,,17.59,3.908888888888889,0.22,0.2233420678300386,0,100,123.2037,235.65800000000002,17.199,12.125,16,20.75,23.375,28.25,33.8763,17.5903,12.15,16.35,21.3,24.1,29.35,35.3005,17.5903,12.15,16.35,21.3,24.1,29.35,35.3005,17.7658,12.4,16.5,21.4,24.2,29.35,35.2015,6.3925,6.80509,6.80509,6.69346,5.502,20.9102,1.78616,0.394334,5.27567,1.16858,4.10709,1.62183,0.543833,0.70525,0.995585
123876-158854,Sam Hauser,SF/PF,BOS,NY,,3900,0,15.53,,15.53,3.982051282051282,0.59,0.5805394876370796,0,100,115.1897,230.1754,16.2245,11.25,15.5,20,22.7687,27.5,33.625,15.5317,10.7875,14.75,19.25,21.8,26.25,32.351,15.5317,10.7875,14.75,19.25,21.8,26.25,32.351,15.515,10.9,14.8,19.1,21.5575,26.0025,31.9005,6.54763,6.30239,6.30239,6.14941,8.1865,21.9123,0.5755,2.20925,2.83992,0.76775,2.07217,1.19475,0.5555,0.2505,0.524917
123876-228180,Caleb Love,SG/PG,POR,TOR,,4000,0,15.41,,15.41,3.8525,0.44,0.43045480638534267,0,100,113.9655,231.7748,16.3774,12.125,16.25,21.125,23.875,29.25,35.5013,15.4109,11.2,15.4,20.05,22.7,27.8525,33.951,15.4109,11.2,15.4,20.05,22.7,27.8525,33.951,15.8962,11.8,15.85,20.45,23.1,28.2,34.151,6.75467,6.62777,6.62777,6.51172,9.288,17.4111,2.03217,1.17375,3.41967,0.868167,2.5515,1.77934,0.275,0.118083,1.28333
123876-15636,Kentavious Caldwell-Pope,SG/SF,MEM,SA,,3700,0,15.33,,15.33,4.1432432432432424,0.81,0.8025511734720198,0,100,114.1667,232.11970000000002,15.0693,10.875,14.75,19.25,21.75,26.125,31.875,15.3274,11.05,15,19.6,22.25,26.7025,32.95,15.3274,11.05,15,19.6,22.25,26.7025,32.95,15.2041,11.05,14.9,19.3,21.8,26.2,32.1005,6.15976,6.40583,6.40583,6.14391,7.292,21.388,1.31167,1.22,1.62725,0.416084,1.21116,2.06517,0.989002,0.331917,0.719833
123876-171749,Jeremy Sochan,PF,SA,MEM,,3800,0,14.22,,14.22,3.7421052631578946,0.28,0.26401065565201254,0,100,117.953,232.11970000000002,14.0709,10.25,14.125,18.5,20.875,25.25,31,14.2178,10.35,14.2,18.75,21.35,26,31.901,14.2178,10.35,14.2,18.75,21.35,26,31.901,14.3178,10.5,14.3,18.7,21.25,25.75,31.65,5.97554,6.26867,6.26867,6.11137,5.70758,15.2795,1.85108,0.389167,3.74917,0.818,2.93116,1.7515,0.58125,0.33925,0.785833
123876-22541,Kelly Olynyk,C/PF,SA,MEM,,3800,0,14.15,,14.15,3.7236842105263155,0.27,0.239220459188131,0,100,117.953,232.11970000000002,14.1664,10.25,14.125,18.75,21.25,26.5,32.6263,14.147,10.05,14.05,18.8,21.55,26.7,33.151,14.147,10.05,14.05,18.8,21.55,26.7,33.151,14.381,10.45,14.35,18.9,21.7,26.7,33.2,6.34111,6.60593,6.60593,6.43779,5.48391,14.1996,1.39584,0.548,3.17734,0.682833,2.4945,2.47942,0.61425,0.342916,1.09866
123876-171785,Bryce McGowens,SG,NO,MIN,,4000,0,13.19,,13.19,3.2975,0.18,0.16564445220866322,0,100,109.2295,231.5085,13.6614,10,13.75,18,20.25,24.75,30.625,13.1908,9.5,13.3,17.45,19.8,24.25,30.1505,13.1908,9.5,13.3,17.45,19.8,24.25,30.1505,13.4356,9.85,13.55,17.65,19.95,24.35,29.8505,5.91961,5.94278,5.94278,5.80563,8.393,17.6551,1.70712,0.881625,2.32383,0.645083,1.67875,1.20066,0.384416,0.168125,0.836459
123876-171776,Josh Minott,PF/SF,BOS,NY,,4000,0,13.08,,13.08,3.27,0.38,0.33642683565222575,0,100,115.1897,230.1754,12.472,8.875,12.375,16.5,18.75,23.25,28.1262,13.0776,9.25,13.1,17.45,19.9,24.65,29.8505,13.0776,9.25,13.1,17.45,19.9,24.65,29.8505,12.9791,9.25,12.95,17.2,19.6,24.0525,29.1005,5.63282,6.09528,6.09528,5.8866,5.25641,13.8237,1.3575,0.538833,2.66467,0.691417,1.97325,1.113,0.773834,0.561,0.499166
123876-9575,Mike Conley,PG,MIN,NO,,3800,0,12.6,,12.6,3.31578947368421,0.32,0.277776257482818,0,100,122.279,231.5085,12.6169,8.75,12.125,16.25,18.625,23,28.0025,12.6047,8.65,12.2,16.3,18.8,23.1025,28.45,12.6047,8.65,12.2,16.3,18.8,23.1025,28.45,12.5946,8.75,12.15,16.2,18.55,22.705,28.1,5.66572,5.82396,5.82396,5.61387,4.5435,16.7959,0.649333,0.877917,1.39937,0.283208,1.11617,3.12675,0.658584,0.162792,0.603292
123876-188446,Sidy Cissoko,SF,POR,TOR,,3700,0,12.15,,12.15,3.2837837837837838,0.19,0.15165451010276806,0,100,113.9655,231.7748,11.6024,8,11.25,14.875,17.125,21.25,25.875,12.1516,8.1,11.9,15.85,18.25,22.5,27.7,12.1516,8.1,11.9,15.85,18.25,22.5,27.7,12.1328,8.35,11.8,15.6,18.0075,22,26.9515,5.21667,5.72293,5.72293,5.44581,4.93,22.7388,1.37,0.421333,0.6435,0.13325,0.51025,2.50433,0.897334,0.3375,0.855583
123876-188421,Jordan Hawkins,SG,NO,MIN,Q,3800,0,11.95,,11.95,3.1447368421052633,0.15,0.12112375717124547,0,100,109.2295,231.5085,12.4615,9,12.75,17,19.375,23.8813,29.3762,11.9507,8.5,12.15,16.3,18.95,23.35,28.651,11.9507,8.5,12.15,16.3,18.95,23.35,28.651,12.1684,8.75,12.4,16.45,19.0075,23.35,28.8005,5.9815,5.93685,5.93685,5.81862,7.24117,16.8167,1.01429,1.27409,2.40334,0.691584,1.71175,0.96325,0.330417,0.305667,0.726792
123876-188434,Gradey Dick,SG,TOR,POR,,3700,0,11.76,,11.76,3.1783783783783783,0.12,0.08855636783138915,0,100,117.8093,231.7748,12.0945,8.25,12,16.25,18.625,23.25,29.25,11.7566,7.85,11.6,15.85,18.3,22.85,28.7,11.7566,7.85,11.6,15.85,18.3,22.85,28.7,11.8337,8.0875,11.75,15.7,18.2,22.65,28.501,6.01631,5.98443,5.98443,5.81353,7.26917,16.8554,1.44958,1.14691,1.92058,0.480666,1.43991,0.8435,0.562334,0.11625,0.700167
123876-203719,Terrence Shannon,SF,MIN,NO,,3700,0,11.45,,11.45,3.0945945945945943,0.16,0.11931047612325497,0,100,122.279,231.5085,11.7761,8.25,11.875,16.25,18.75,23.625,29.125,11.4492,7.95,11.6,15.95,18.55,23.2,28.7515,11.4492,7.95,11.6,15.95,18.55,23.2,28.7515,11.7022,8.25,11.8,16.1625,18.7075,23.3,28.7005,6.02048,6.06599,6.06599,5.94141,6.84808,16.3626,1.63287,0.663375,1.98866,0.416541,1.57212,1.5045,0.4225,0.137875,0.902209
123876-228122,Collin Murray-Boyles,PF/SF,TOR,POR,,4000,0,11.38,,11.38,2.845,0.33,0.25636360395093344,0,100,117.8093,231.7748,11.3467,7.75,11.125,15.125,17.625,22.125,27.3762,11.3834,7.6,11.25,15.25,17.8,22.455,28.2,11.3834,7.6,11.25,15.25,17.8,22.455,28.2,11.4584,7.85,11.3,15.25,17.75,22.3,27.8505,5.64187,5.82018,5.82018,5.68051,5.82609,15.304,1.47083,0.625,2.11475,0.530833,1.58392,1.17633,0.46475,0.310084,0.601834
123876-203772,Justin Edwards,PF/SF,PHI,WAS,,3800,0,10.93,,10.93,2.876315789473684,0.52,0.38886655847312607,0,100,123.2037,235.65800000000002,10.8658,7.125,10.625,14.75,17.125,21.625,27.1262,10.9345,6.9875,10.6,14.85,17.4,21.8525,27.5505,10.9345,6.9875,10.6,14.85,17.4,21.8525,27.5505,10.9559,7.25,10.65,14.75,17.2,21.65,27.2005,5.68166,5.84132,5.84132,5.67169,5.8915,14.9072,1.30408,0.75875,1.57283,0.35525,1.21758,1.144,0.594917,0.226583,0.649917
123876-171748,Malaki Branham,SG,WAS,PHI,,3600,0,10.81,,10.81,3.0027777777777778,0.75,0.6150502020173153,0,100,112.4543,235.65800000000002,11.3632,7.75,11.375,15.5,18,22.5,27.8762,10.8091,7.35,10.95,14.9,17.4,21.8525,27.351,10.8091,7.35,10.95,14.9,17.4,21.8525,27.351,11.0791,7.7,11.2,15.1,17.55,21.9025,27.1,5.7953,5.73485,5.73485,5.61619,7.20241,13.8843,1.63333,0.946415,1.28333,0.348,0.935333,1.50891,0.36525,0.0776666,0.869752
123876-228125,Carter Bryant,SF,SA,MEM,,3500,0,10.61,,10.61,3.031428571428571,1,0.8032623300351615,0,100,117.953,232.11970000000002,10.6069,7.25,10.875,15.125,17.5,22.375,28.75,10.6079,7.2,10.8,15.15,17.7,22.65,29.1005,10.6079,7.2,10.8,15.15,17.7,22.65,29.1005,10.7048,7.4,10.85,15.05,17.65,22.5025,28.851,5.9439,6.10197,6.10197,5.96015,6.10275,12.2182,1.3,0.821917,1.60167,0.35025,1.25142,1.12,0.470084,0.358333,0.636
123876-111376,John Konchar,SF,MEM,SA,,3600,0,10.51,,10.51,2.9194444444444447,0.25,0.19344072250609662,0,100,114.1667,232.11970000000002,10.0621,7,10,13.5,15.875,19.75,24.75,10.509,7.15,10.45,14.3,16.6,21.1,26.401,10.509,7.15,10.45,14.3,16.6,21.1,26.401,10.3651,7.15,10.3,14,16.3,20.55,25.7505,5.07182,5.47537,5.47537,5.25405,2.63233,12.692,0.514084,0.42875,2.58067,0.70225,1.87841,1.7805,0.702084,0.308084,0.391167
123876-203789,Tyler Kolek,PG,NY,BOS,,3700,0,10.21,,10.21,2.75945945945946,0.73,0.5443279282813929,0,100,114.9857,230.1754,10.3888,5.75,8.875,12.625,15,19,24.625,10.2071,5.65,8.7,12.4125,14.7,18.7525,24.251,10.2071,5.65,8.7,12.4125,14.7,18.7525,24.251,10.3223,5.8875,8.9,12.55,14.8,18.75,24.2005,5.18451,5.22722,5.22722,5.09614,4.31358,14.1137,0.6905,0.66925,1.57941,0.346583,1.23284,1.47716,0.416167,0.142834,0.758916
123876-228117,Will Riley,SF,WAS,PHI,,3600,0,9.72,,9.72,2.7,0.83,0.690331005141088,0,100,112.4543,235.65800000000002,10.0514,6.5,9.5,12.875,15,18.75,23.3762,9.71913,6.3,9.2,12.6,14.7,18.25,22.9,9.71913,6.3,9.2,12.6,14.7,18.25,22.9,9.86397,6.45,9.35,12.7,14.8,18.35,22.95,4.81387,4.76342,4.76342,4.71596,3.88684,13.8589,0.963418,0.41675,2.5775,0.695583,1.88191,1.65133,0.11575,0.107584,0.4005
123876-171781,Ochai Agbaji,SG,TOR,POR,,3600,0,9.45,,9.45,2.6249999999999996,0.16,0.1021511692341198,0,100,117.8093,231.7748,9.23808,5.96875,9,12.75,14.875,19.125,24.2512,9.45197,5.85,9.1,13.1,15.3075,19.65,24.9,9.45197,5.85,9.1,13.1,15.3075,19.65,24.9,9.38147,5.95,9.15,12.95,15.05,19.3,24.5005,5.17599,5.38104,5.38104,5.20304,4.63175,14.21,0.932334,0.699417,1.719,0.429667,1.28933,0.698333,0.564083,0.2795,0.434333
123876-58576,Kevon Looney,C,NO,MIN,,3700,0,9.2,,9.2,2.4864864864864864,0.09,0.05788028764770177,0,100,109.2295,231.5085,8.93642,6.125,9.25,13,15.375,19.625,24.75,9.20107,6.3,9.5,13.55,16.15,20.6,26.4015,9.20107,6.3,9.5,13.55,16.15,20.6,26.4015,9.20573,6.3,9.55,13.45,16.05,20.45,26.1505,5.18181,5.53897,5.53897,5.45192,3.03458,9.8267,1.185,0.0169166,3.44587,0.953916,2.49196,0.981458,0.295166,0.349541,0.272125
123876-203718,Rob Dillingham,PG,MIN,NO,,3600,0,8.88,,8.88,2.466666666666667,0.52,0.32672888908058756,0,100,122.279,231.5085,9.121,5.125,8.375,12.5,15,20,26.0025,8.87763,4.8,8.15,12.25,14.8,19.7,25.751,8.87763,4.8,8.15,12.25,14.8,19.7,25.751,9.06813,5.1,8.4,12.45,14.95,19.8,25.651,5.66187,5.70058,5.70058,5.58811,4.88821,10.935,1.25391,0.613792,1.36358,0.29125,1.07233,1.17313,0.428708,0.0973333,0.872167
123876-203715,Baylor Scheierman,SG,BOS,NY,,3600,0,8.73,,8.73,2.4250000000000003,0.25,0.1732620133832862,0,100,115.1897,230.1754,8.80492,6.125,9,12.75,14.875,19.25,25,8.73287,5.95,9.05,12.7,15.1,19.2025,24.5015,8.73287,5.95,9.05,12.7,15.1,19.2025,24.5015,8.72503,6.05,9,12.5,14.9,18.95,24.15,5.13864,5.19711,5.19711,5.03504,3.80709,14.1734,0.58,0.635333,2.12866,0.584083,1.54458,1.301,0.4895,0.0971667,0.40275
123876-70823,Guerschon Yabusele,PF,NY,BOS,,3600,0,8.1,,8.1,2.25,0.19,0.10889966349114376,0,100,114.9857,230.1754,8.15625,4.59375,7.375,10.875,12.875,17,22.25,8.096,4.45,7.3,10.7,12.8,16.95,21.95,8.096,4.45,7.3,10.7,12.8,16.95,21.95,8.1005,4.65,7.3,10.7,12.75,16.9,21.8005,4.80995,4.82888,4.82888,4.73226,3.31417,11.5414,0.56725,0.558,1.65325,0.35725,1.296,1.16084,0.2785,0.149166,0.365916
123876-188453,Jaylen Clark,SG,MIN,NO,,3600,0,7.65,,7.65,2.125,0.18,0.10237274639364156,0,100,122.279,231.5085,7.14567,4,6.5,9.75,11.625,15.375,20.6262,7.65353,4.25,7,10.45,12.5,16.55,21.9505,7.65353,4.25,7,10.45,12.5,16.55,21.9505,7.41237,4.2,6.8,10.05,12.05,15.8,21.1505,4.35892,4.77189,4.77189,4.52578,1.73012,12.7705,0.404667,0.201375,1.63284,0.350208,1.28262,1.28271,0.667916,0.0982084,0.209708
123876-145336,Xavier Tillman,C,BOS,NY,,3700,0,6.6,,6.6,1.7837837837837838,0.17,0.10606980032473763,0,100,115.1897,230.1754,6.43042,4.75,7.25,10.625,12.625,16.875,22.25,6.5973,4.8,7.45,11.0625,13.4,17.9,23.7005,6.5973,4.8,7.45,11.0625,13.4,17.9,23.7005,6.5968,4.8,7.45,10.9,13.2,17.505,23.2505,4.69401,5.0629,5.0629,4.89778,2.64683,9.25529,0.922332,0.145917,2.17,0.59775,1.57225,0.927915,0.463333,0.220917,0.339833
123876-157807,Luka Garza,C,BOS,NY,,3700,0,5.82,,5.82,1.572972972972973,0.01,0.0030111302904158484,0,100,115.1897,230.1754,5.94242,3.375,6,9.875,12.125,17,23.25,5.82103,3.2,6.2,9.7,12,16.85,22.8505,5.82103,3.2,6.2,9.7,12,16.85,22.8505,5.91203,3.35,6.2,9.7,12.0575,16.9,22.9,5.12117,5.10704,5.10704,5.07582,3.61,6.72069,0.9685,0.320583,1.80583,0.504834,1.301,0.478667,0.16025,0.128333,0.322834
123876-165854,Lindy Waters,SG,SA,MEM,,3500,0,5.37,,5.37,1.5342857142857145,0.86,0.5424938409781354,0,100,117.953,232.11970000000002,5.40942,2.875,5,7.875,9.875,13.75,18.8762,5.37403,2.7,4.95,8.05,9.85,13.65,18.6505,5.37403,2.7,4.95,8.05,9.85,13.65,18.6505,5.33837,2.7375,4.95,7.9,9.65,13.35,18.2505,4.1923,4.21237,4.21237,4.09874,2.22092,7.85806,0.169916,0.559166,1.22958,0.277667,0.951915,0.641584,0.26875,0.135,0.16575
123876-171764,Jabari Walker,PF,PHI,WAS,,3600,0,4.71,,4.71,1.3083333333333331,0.98,0.5819415905428246,0,100,123.2037,235.65800000000002,4.65158,2.25,4.25,7.25,9.14375,13,17.875,4.70747,2.2,4.3,7.4,9.4,13.15,18.15,4.70747,2.2,4.3,7.4,9.4,13.15,18.15,4.68047,2.2,4.35,7.4,9.25,13.0025,17.85,4.04039,4.152,4.152,4.06741,1.67967,7.00826,0.449833,0.1395,1.79941,0.423584,1.37583,0.418417,0.20675,0.0849167,0.156417
123876-188456,Rayan Rupert,SG,POR,TOR,,3600,0,4,,4,1.1111111111111112,0.14,0.05781322413814537,0,100,113.9655,231.7748,3.92625,1.75,3.625,6,7.75,11,15.75,4.0022,1.8,3.6,6.2,7.95,11.45,16.1,4.0022,1.8,3.6,6.2,7.95,11.45,16.1,3.97403,1.85,3.6,6.1,7.7575,11.15,15.7,3.55731,3.69174,3.69174,3.57492,1.5695,6.41244,0.316417,0.217834,0.632334,0.167834,0.4645,0.833081,0.247167,0.0615834,0.183583
123876-204448,Trey Alexander,SG,NO,MIN,,3600,0,2.88,,2.88,0.7999999999999999,0.16,0.07541389768027504,0,100,109.2295,231.5085,2.91408,1.625,2.875,4.5,5.375,7.5,10,2.88037,1.5,2.75,4.45,5.45,7.6,10.05,2.88037,1.5,2.75,4.45,5.45,7.6,10.05,2.92953,1.6,2.85,4.5,5.45,7.6,9.95,2.2402,2.31229,2.31229,2.25833,1.59075,4.2533,0.33925,0.138375,0.56325,0.150625,0.412625,0.42075,0.133375,0.053125,0.2945
123876-194767,Duop Reath,C,POR,TOR,,3600,0,2.39,,2.39,0.6638888888888889,0.06,0.01754710648377457,0,100,113.9655,231.7748,2.40158,0,1.625,4.375,6.375,10.625,16.25,2.38977,0,1.6,4.35,6.35,10.55,16.1015,2.38977,0,1.6,4.35,6.35,10.55,16.1015,2.40543,0,1.6,4.35,6.3,10.55,16.1005,3.7094,3.71958,3.71958,3.68742,1.43892,2.94049,0.2935,0.191583,0.519667,0.142834,0.376833,0.311666,0.0881667,0.0725833,0.122
123876-228129,Hugo Gonzalez,SG,BOS,NY,,3500,0,1.95,,1.95,0.5571428571428572,0.04,0.011313968755185403,0,100,115.1897,230.1754,1.97358,0.625,1.5,2.75,3.5,5.375,8,1.95477,0.6,1.5,2.7,3.55,5.35,7.85,1.95477,0.6,1.5,2.7,3.55,5.35,7.85,1.9941,0.6,1.5,2.75,3.55,5.35,7.9,1.80417,1.81145,1.81145,1.80287,0.84075,2.53713,0.200667,0.09325,0.368,0.104084,0.263916,0.244,0.0365833,0.0596665,0.100584
123876-145548,Anthony Gill,PF,WAS,PHI,,3500,0,1.92,,1.92,0.5485714285714285,0.6,0.2722874216385342,0,100,112.4543,235.65800000000002,1.911,0,1.375,3.75,5.75,9.5,14,1.9246,0,1.3,3.85,5.85,9.75,14.7505,1.9246,0,1.3,3.85,5.85,9.75,14.7505,1.9491,0,1.35,3.85,5.85,9.7,14.65,3.29955,3.43653,3.43653,3.40652,0.957668,3.31241,0.270833,0.05225,0.590833,0.18375,0.407083,0.34725,0.0716667,0.0820834,0.108916
123876-228167,Mohamed Diawara,SF,NY,BOS,,3500,0,1.69,,1.69,0.4828571428571428,0.31,0.13228022881672394,0,100,114.9857,230.1754,1.71033,0.5,1.25,2.5,3.25,5.125,7.75,1.6865,0.5,1.35,2.5,3.25,5.0525,7.7,1.6865,0.5,1.35,2.5,3.25,5.0525,7.7,1.70967,0.5,1.35,2.5,3.25,5.1,7.6,1.74338,1.73659,1.73659,1.7262,0.797,2.52911,0.1905,0.0820835,0.304166,0.0670835,0.237083,0.251583,0.0368333,0.0316667,0.081
123876-203787,Ariel Hukporti,C,NY,BOS,,3500,0,1.6,,1.6,0.4571428571428572,0.53,0.2672152782225808,0,100,114.9857,230.1754,1.57442,0,1,2.25,3,4.875,7.5,1.5997,0,1,2.25,3.1,4.95,7.75,1.5997,0,1,2.25,3.1,4.95,7.75,1.62087,0,1,2.25,3.1,5,7.75,1.70607,1.75482,1.75482,1.74889,0.675335,2.08436,0.19675,0.0499167,0.27275,0.0525,0.22025,0.192916,0.0309166,0.06175,0.0796665
123876-213367,Jamison Battle,SF,TOR,POR,,3500,0,1.58,,1.58,0.4514285714285714,0.28,0.11898873881106413,0,100,117.8093,231.7748,1.61525,0.625,1.375,2.625,3.5,5.5,8.25,1.58013,0.6,1.35,2.6625,3.55,5.35,7.8505,1.58013,0.6,1.35,2.6625,3.55,5.35,7.8505,1.58897,0.6,1.35,2.6,3.5,5.35,8,1.84043,1.8123,1.8123,1.79943,0.718415,2.50414,0.109416,0.132916,0.415083,0.108416,0.306666,0.2555,0.035,0.0415,0.0589165
123876-228106,Yang Hansen,C,POR,TOR,,3600,0,1.3,,1.3,0.36111111111111116,0,0,0,100,113.9655,231.7748,1.30733,0,1,2,2.75,4.25,6.625,1.30153,0,1,2.1,2.85,4.35,6.75,1.30153,0,1,2.1,2.85,4.35,6.75,1.31287,0,1,2.1,2.85,4.35,6.6,1.52357,1.54867,1.54867,1.52413,0.621335,2.07312,0.141334,0.06825,0.18475,0.0484167,0.136333,0.239834,0.0444167,0.0305,0.07075
123876-188452,Leonard Miller,SF,MIN,NO,,3500,0,1.21,,1.21,0.34571428571428575,0.1,0.029418054195116516,0,100,122.279,231.5085,1.20917,0,0.75,2.5,3.75,6.125,8.87625,1.20517,0,0.75,2.55,3.7,6.1,9,1.20517,0,0.75,2.55,3.7,6.1,9,1.2175,0,0.75,2.55,3.75,6.15,8.9505,2.09404,2.11395,2.11395,2.10917,0.674875,1.66906,0.179,0.07475,0.428,0.09225,0.33575,0.176375,0.03525,0.0485,0.061625
123876-228178,Hunter Dickinson,C,NO,MIN,,3500,0,1.16,,1.16,0.3314285714285714,0.17,0.06450265637967424,0,100,109.2295,231.5085,1.19317,0,1,2.5,3.375,5.375,7.625,1.16193,0,1,2.5,3.35,5.3,7.7005,1.16193,0,1,2.5,3.35,5.3,7.7005,1.1916,0,1.1,2.5,3.4075,5.35,7.7,1.82343,1.82463,1.82463,1.82598,0.893875,2.06915,0.199875,0.084125,0.257375,0.07175,0.185625,0.19525,0.033875,0.038125,0.106375
123876-203774,Enrique Freeman,PF,MIN,NO,,3500,0,1.06,,1.06,0.3028571428571429,0.03,0.006437838606293835,0,100,122.279,231.5085,1.06158,0,0.75,2.25,3.375,5.25,8.00125,1.06043,0,0.7,2.2,3.35,5.45,8.051,1.06043,0,0.7,2.2,3.35,5.45,8.051,1.0761,0,0.75,2.25,3.35,5.35,8.151,1.89003,1.93285,1.93285,1.9264,0.66175,1.66187,0.20275,0.04575,0.297375,0.07275,0.224625,0.16025,0.0345,0.044125,0.06625
123876-228153,Amari Williams,C,BOS,NY,,3500,0,0.93,,0.93,0.26571428571428574,0.14,0.05060302661769141,0,100,115.1897,230.1754,0.93675,0,0.5,1.5,2.375,4.375,7,0.932,0,0.25,1.5,2.5,4.45,6.85,0.932,0,0.25,1.5,2.5,4.45,6.85,0.940667,0,0.5,1.5,2.5,4.45,6.85,1.55502,1.56332,1.56332,1.55066,0.507335,1.26359,0.11825,0.0550835,0.17175,0.0505835,0.121166,0.132417,0.0361666,0.01925,0.0548335
123876-171660,Ron Harper,SF,BOS,NY,Q,3500,0,0,,0,0,0,0,0,100,115.1897,230.1754,,,,,,,,,,,,,,,,,,,,,,,,,,,,,,,,,,,,,,,,,,,
123876-228152,Rocco Zikarsky,C,MIN,NO,,3500,0,0,,0,0,0,0,0,100,122.279,231.5085,,,,,,,,,,,,,,,,,,,,,,,,,,,,,,,,,,,,,,,,,,,
123876-204374,David Jones Garcia,SF,SA,MEM,,3500,0,0,,0,0,0,0,0,100,117.953,232.11970000000002,,,,,,,,,,,,,,,,,,,,,,,,,,,,,,,,,,,,,,,,,,,
123876-68203,Chris Boucher,C,BOS,NY,,3500,0,0,,0,0,0,0,0,100,115.1897,230.1754,,,,,,,,,,,,,,,,,,,,,,,,,,,,,,,,,,,,,,,,,,,
123876-188444,GG Jackson,PF/SF,MEM,SA,,3600,0,0,,0,0,0,0,0,100,114.1667,232.11970000000002,,,,,,,,,,,,,,,,,,,,,,,,,,,,,,,,,,,,,,,,,,,
123876-84724,Landry Shamet,SG,NY,BOS,O,3600,0,0,,0,0,0,0,0,100,114.9857,230.1754,,,,,,,,,,,,,,,,,,,,,,,,,,,,,,,,,,,,,,,,,,,
123876-157832,Sharife Cooper,PG,WAS,PHI,O,3500,0,0,,0,0,0,0,0,100,112.4543,235.65800000000002,,,,,,,,,,,,,,,,,,,,,,,,,,,,,,,,,,,,,,,,,,,
123876-188428,Scoot Henderson,PG,POR,TOR,O,4100,0,0,,0,0,0,0,0,100,113.9655,231.7748,,,,,,,,,,,,,,,,,,,,,,,,,,,,,,,,,,,,,,,,,,,
123876-67708,Dejounte Murray,PG/SG,NO,MIN,O,3500,0,0,,0,0,0,0,0,100,109.2295,231.5085,,,,,,,,,,,,,,,,,,,,,,,,,,,,,,,,,,,,,,,,,,,
123876-171658,Johnny Juzang,SF,MIN,NO,,3500,0,0,,0,0,0,0,0,100,122.279,231.5085,,,,,,,,,,,,,,,,,,,,,,,,,,,,,,,,,,,,,,,,,,,
123876-203793,Harrison Ingram,SF,SA,MEM,Q,3500,0,0,,0,0,0,0,0,100,117.953,232.11970000000002,,,,,,,,,,,,,,,,,,,,,,,,,,,,,,,,,,,,,,,,,,,
123876-157819,Corey Kispert,SF,WAS,PHI,O,3700,0,0,,0,0,0,0,0,100,112.4543,235.65800000000002,,,,,,,,,,,,,,,,,,,,,,,,,,,,,,,,,,,,,,,,,,,
123876-59318,Joe Ingles,SG,MIN,NO,,3500,0,0,,0,0,0,0,0,100,122.279,231.5085,,,,,,,,,,,,,,,,,,,,,,,,,,,,,,,,,,,,,,,,,,,
123876-228171,Johni Broome,PF,PHI,WAS,,3500,0,0,,0,0,0,0,0,100,123.2037,235.65800000000002,,,,,,,,,,,,,,,,,,,,,,,,,,,,,,,,,,,,,,,,,,,
123876-9556,Eric Gordon,SG,PHI,WAS,,3500,0,0,,0,0,0,0,0,100,123.2037,235.65800000000002,,,,,,,,,,,,,,,,,,,,,,,,,,,,,,,,,,,,,,,,,,,
123876-203788,Kevin McCullar,SF,NY,BOS,Q,3500,0,0,,0,0,0,0,0,100,114.9857,230.1754,,,,,,,,,,,,,,,,,,,,,,,,,,,,,,,,,,,,,,,,,,,
123876-203799,Jonathan Mogbo,C,TOR,POR,,3500,0,0,,0,0,0,0,0,100,117.8093,231.7748,,,,,,,,,,,,,,,,,,,,,,,,,,,,,,,,,,,,,,,,,,,
123876-157834,Bones Hyland,PG,MIN,NO,,3500,0,0,,0,0,0,0,0,100,122.279,231.5085,,,,,,,,,,,,,,,,,,,,,,,,,,,,,,,,,,,,,,,,,,,
123876-195819,Tosan Evbuomwan,SF,NY,BOS,,3500,0,0,,0,0,0,0,0,100,114.9857,230.1754,,,,,,,,,,,,,,,,,,,,,,,,,,,,,,,,,,,,,,,,,,,
123876-9663,Jrue Holiday,PG,POR,TOR,O,6600,0,0,,0,0,0,0,0,100,113.9655,231.7748,,,,,,,,,,,,,,,,,,,,,,,,,,,,,,,,,,,,,,,,,,,
123876-171750,Blake Wesley,PG,POR,TOR,O,3500,0,0,,0,0,0,0,0,100,113.9655,231.7748,,,,,,,,,,,,,,,,,,,,,,,,,,,,,,,,,,,,,,,,,,,
123876-171661,Scotty Pippen,PG/SG,MEM,SA,O,3500,0,0,,0,0,0,0,0,100,114.1667,232.11970000000002,,,,,,,,,,,,,,,,,,,,,,,,,,,,,,,,,,,,,,,,,,,
123876-228115,Joan Beringer,C,MIN,NO,,3500,0,0,,0,0,0,0,0,100,122.279,231.5085,,,,,,,,,,,,,,,,,,,,,,,,,,,,,,,,,,,,,,,,,,,
123876-194322,Javonte Cooke,SG,POR,TOR,,3500,0,0,,0,0,0,0,0,100,113.9655,231.7748,,,,,,,,,,,,,,,,,,,,,,,,,,,,,,,,,,,,,,,,,,,
123876-9561,DeAndre Jordan,C,NO,MIN,,3500,0,0,,0,0,0,0,0,100,109.2295,231.5085,,,,,,,,,,,,,,,,,,,,,,,,,,,,,,,,,,,,,,,,,,,
123876-80808,Jayson Tatum,PF/SF,BOS,NY,O,3500,0,0,,0,0,0,0,0,100,115.1897,230.1754,,,,,,,,,,,,,,,,,,,,,,,,,,,,,,,,,,,,,,,,,,,
123876-228181,Chucky Hepburn,PG,TOR,POR,,3500,0,0,,0,0,0,0,0,100,117.8093,231.7748,,,,,,,,,,,,,,,,,,,,,,,,,,,,,,,,,,,,,,,,,,,
123876-9535,Kyle Lowry,PG,PHI,WAS,,3500,0,0,,0,0,0,0,0,100,123.2037,235.65800000000002,,,,,,,,,,,,,,,,,,,,,,,,,,,,,,,,,,,,,,,,,,,
123876-188417,Kobe Bufkin,PG,MEM,SA,,3500,0,0,,0,0,0,0,0,100,114.1667,232.11970000000002,,,,,,,,,,,,,,,,,,,,,,,,,,,,,,,,,,,,,,,,,,,
123876-158856,Trendon Watford,PF/C,PHI,WAS,O,3900,0,0,,0,0,0,0,0,100,123.2037,235.65800000000002,,,,,,,,,,,,,,,,,,,,,,,,,,,,,,,,,,,,,,,,,,,
123876-110357,RJ Barrett,SG/SF,TOR,POR,O,6500,0,0,,0,0,0,0,0,100,117.8093,231.7748,,,,,,,,,,,,,,,,,,,,,,,,,,,,,,,,,,,,,,,,,,,
123876-11074,Garrett Temple,SG,TOR,POR,,3500,0,0,,0,0,0,0,0,100,117.8093,231.7748,,,,,,,,,,,,,,,,,,,,,,,,,,,,,,,,,,,,,,,,,,,
123876-228170,Hunter Sallis,SG,PHI,WAS,,3500,0,0,,0,0,0,0,0,100,123.2037,235.65800000000002,,,,,,,,,,,,,,,,,,,,,,,,,,,,,,,,,,,,,,,,,,,
123876-228168,Javon Small,PG,MEM,SA,O,3500,0,0,,0,0,0,0,0,100,114.1667,232.11970000000002,,,,,,,,,,,,,,,,,,,,,,,,,,,,,,,,,,,,,,,,,,,
123876-188414,Victor Wembanyama,C/PF,SA,MEM,O,11000,0,0,,0,0,0,0,0,100,117.953,232.11970000000002,,,,,,,,,,,,,,,,,,,,,,,,,,,,,,,,,,,,,,,,,,,
123876-203765,AJ Johnson,SG,WAS,PHI,,3500,0,0,,0,0,0,0,0,100,112.4543,235.65800000000002,,,,,,,,,,,,,,,,,,,,,,,,,,,,,,,,,,,,,,,,,,,
123876-228154,Max Shulga,PG,BOS,NY,,3500,0,0,,0,0,0,0,0,100,115.1897,230.1754,,,,,,,,,,,,,,,,,,,,,,,,,,,,,,,,,,,,,,,,,,,
123876-110320,Matisse Thybulle,SF,POR,TOR,O,3500,0,0,,0,0,0,0,0,100,113.9655,231.7748,,,,,,,,,,,,,,,,,,,,,,,,,,,,,,,,,,,,,,,,,,,
123876-228163,Jamir Watkins,SG,WAS,PHI,,3500,0,0,,0,0,0.2,0.2,0,100,112.4543,235.65800000000002,,,,,,,,,,,,,,,,,,,,,,,,,,,,,,,,,,,,,,,,,,,
123876-203760,Pacome Dadiet,SF,NY,BOS,,3500,0,0,,0,0,0,0,0,100,114.9857,230.1754,,,,,,,,,,,,,,,,,,,,,,,,,,,,,,,,,,,,,,,,,,,
123876-110322,Jordan Poole,PG/SG,NO,MIN,O,4800,0,0,,0,0,0,0,0,100,109.2295,231.5085,,,,,,,,,,,,,,,,,,,,,,,,,,,,,,,,,,,,,,,,,,,
123876-188424,Olivier-Maxence Prosper,PF,MEM,SA,,3500,0,0,,0,0,0,0,0,100,114.1667,232.11970000000002,,,,,,,,,,,,,,,,,,,,,,,,,,,,,,,,,,,,,,,,,,,
123876-16261,Khris Middleton,SG/SF,WAS,PHI,,4900,0,0,,0,0,0,0,0,100,112.4543,235.65800000000002,,,,,,,,,,,,,,,,,,,,,,,,,,,,,,,,,,,,,,,,,,,
123876-68090,OG Anunoby,SF/PF,NY,BOS,O,6000,0,0,,0,0,0,0,0,100,114.9857,230.1754,,,,,,,,,,,,,,,,,,,,,,,,,,,,,,,,,,,,,,,,,,,
123876-171793,Karlo Matkovic,C,NO,MIN,O,3600,0,0,,0,0,0,0,0,100,109.2295,231.5085,,,,,,,,,,,,,,,,,,,,,,,,,,,,,,,,,,,,,,,,,,,
123876-228118,Tre Johnson,SG/PG,WAS,PHI,O,3800,0,0,,0,0,0,0,0,100,112.4543,235.65800000000002,,,,,,,,,,,,,,,,,,,,,,,,,,,,,,,,,,,,,,,,,,,
123876-110310,Zion Williamson,PF,NO,MIN,,8300,0,0,,0,0,12.73,12.73,0,100,109.2295,231.5085,,,,,,,,,,,,,,,,,,,,,,,,,,,,,,,,,,,,,,,,,,,
123876-203764,Alex Sarr,C/PF,WAS,PHI,O,8200,0,0,,0,0,0,0,0,100,112.4543,235.65800000000002,,,,,,,,,,,,,,,,,,,,,,,,,,,,,,,,,,,,,,,,,,,
123876-204370,Riley Minix,SF,SA,MEM,,3500,0,0,,0,0,0,0,0,100,117.953,232.11970000000002,,,,,,,,,,,,,,,,,,,,,,,,,,,,,,,,,,,,,,,,,,,
123876-160022,A.J. Lawson,SG,TOR,POR,,3500,0,0,,0,0,0,0,0,100,117.8093,231.7748,,,,,,,,,,,,,,,,,,,,,,,,,,,,,,,,,,,,,,,,,,,
123876-228151,Jahmai Mashack,SG,MEM,SA,,3500,0,0,,0,0,0,0,0,100,114.1667,232.11970000000002,,,,,,,,,,,,,,,,,,,,,,,,,,,,,,,,,,,,,,,,,,,
123876-110331,Ty Jerome,PG/SG,MEM,SA,O,3500,0,0,,0,0,0,0,0,100,114.1667,232.11970000000002,,,,,,,,,,,,,,,,,,,,,,,,,,,,,,,,,,,,,,,,,,,
123876-110353,Brandon Clarke,C/PF,MEM,SA,O,3700,0,0,,0,0,0,0,0,100,114.1667,232.11970000000002,,,,,,,,,,,,,,,,,,,,,,,,,,,,,,,,,,,,,,,,,,,
123876-20848,Damian Lillard,PG,POR,TOR,O,3500,0,0,,0,0,0,0,0,100,113.9655,231.7748,,,,,,,,,,,,,,,,,,,,,,,,,,,,,,,,,,,,,,,,,,,
123876-85597,Jordan McLaughlin,PG,SA,MEM,O,3500,0,0,,0,0,0,0,0,100,117.953,232.11970000000002,,,,,,,,,,,,,,,,,,,,,,,,,,,,,,,,,,,,,,,,,,,
123876-58153,Kelly Oubre,SG/SF,PHI,WAS,O,5100,0,0,,0,0,0,0,0,100,123.2037,235.65800000000002,,,,,,,,,,,,,,,,,,,,,,,,,,,,,,,,,,,,,,,,,,,
123876-14505,Bismack Biyombo,C,SA,MEM,,3500,0,0,,0,0,0,0,0,100,117.953,232.11970000000002,,,,,,,,,,,,,,,,,,,,,,,,,,,,,,,,,,,,,,,,,,,
123876-110344,Ja Morant,PG,MEM,SA,Q,7400,0,0,,0,0,0,0,0,100,114.1667,232.11970000000002,,,,,,,,,,,,,,,,,,,,,,,,,,,,,,,,,,,,,,,,,,,
123876-157848,Herbert Jones,SF/PF,NO,MIN,O,4200,0,0,,0,0,0,0,0,100,109.2295,231.5085,,,,,,,,,,,,,,,,,,,,,,,,,,,,,,,,,,,,,,,,,,,
123876-195937,Trey Jemison,C,NY,BOS,Q,3500,0,0,,0,0,0,0,0,100,114.9857,230.1754,,,,,,,,,,,,,,,,,,,,,,,,,,,,,,,,,,,,,,,,,,,
123876-49111,Joel Embiid,C,PHI,WAS,O,7700,0,0,,0,0,0,0,0,100,123.2037,235.65800000000002,,,,,,,,,,,,,,,,,,,,,,,,,,,,,,,,,,,,,,,,,,,
123876-228155,Alijah Martin,SG,TOR,POR,,3500,0,0,,0,0,0,0,0,100,117.8093,231.7748,,,,,,,,,,,,,,,,,,,,,,,,,,,,,,,,,,,,,,,,,,,
123876-203723,Stephon Castle,SG/PG,SA,MEM,O,7100,0,0,,0,0,0,0,0,100,117.953,232.11970000000002,,,,,,,,,,,,,,,,,,,,,,,,,,,,,,,,,,,,,,,,,,,