game_date,player,pos,team,opp,salary,proj_mins,ownership,fp_proj,projected_value,status,game_info,team_full_name,opp_full_name,db_player,gp_sl,usg_pct_sl,fp_sl,touches_sl,min_sl,poss_sl,gp_l10,usg_pct_l10,fp_l10,touches_l10,min_l10,poss_l10,gp_l5,usg_pct_l5,fp_l5,touches_l5,min_l5,poss_l5,gp_l3,usg_pct_l3,fp_l3,touches_l3,min_l3,poss_l3,fppm_sl,fppt_sl,fppp_sl,tpm_sl,tpp_sl,team_poss_sl,poss_pct_sl,implied_poss_sl,touches_ip_sl,touches_tpm_sl,fp_proj_it_sl,fp_proj_tpm_sl,team_fp_sl,fp_per_sl,fppm_l10,fppt_l10,fppp_l10,tpm_l10,tpp_l10,team_poss_l10,poss_pct_l10,implied_poss_l10,touches_ip_l10,touches_tpm_l10,fp_proj_it_l10,fp_proj_tpm_l10,team_fp_l10,fp_per_l10,fppm_l5,fppt_l5,fppp_l5,tpm_l5,tpp_l5,team_poss_l5,poss_pct_l5,implied_poss_l5,touches_ip_l5,touches_tpm_l5,fp_proj_it_l5,fp_proj_tpm_l5,team_fp_l5,fp_per_l5,fppm_l3,fppt_l3,fppp_l3,tpm_l3,tpp_l3,team_poss_l3,poss_pct_l3,implied_poss_l3,touches_ip_l3,touches_tpm_l3,fp_proj_it_l3,fp_proj_tpm_l3,team_fp_l3,fp_per_l3,team_salary,salary_share,team_ownership,team_minutes,minutes_avail
2025-11-10,Giannis Antetokounmpo,PF,MIL,DAL,12500,32.83,9.84,57.96,4.64,P,,Milwaukee Bucks,Dallas Mavericks,Giannis Antetokounmpo,9,0.36,61.10,78.90,32.40,623,9,0.36,61.10,78.90,32.40,623,5,0.36,57.00,77.60,32.10,340,3.00,0.39,56.60,76.70,32.20,205.00,1.89,0.77,0.88,2.44,1.14,1021,61.02,102.50,71.29,79.94,55.21,61.91,229.90,26.58,1.89,0.77,0.88,2.44,1.14,1021,61.02,102.50,71.29,79.94,55.21,61.91,229.90,26.58,1.78,0.73,0.84,2.42,1.14,506,67.19,101.25,77.64,79.36,57.03,58.29,219.90,25.92,1.76,0.74,0.83,2.38,1.12,304,67.43,101.00,76.45,78.20,56.41,57.70,223.00,25.38,50900.00,24.56,23.35,233.49,6.51
2025-11-10,Luka Doncic,PG,LAL,CHA,13000,36.45,9.93,55.81,4.29,Confirmed,,Los Angeles Lakers,Charlotte Hornets,Luka Dončić,6,0.38,66.10,101.20,36.90,464,6,0.38,66.10,101.20,36.90,464,4,0.38,62.10,105.00,36.40,309,2.00,0.37,62.40,96.50,34.10,147.00,1.79,0.65,0.85,2.74,1.31,1013,45.80,102.16,61.24,99.97,40.00,65.29,237.70,27.81,1.79,0.65,0.85,2.74,1.31,1013,45.80,102.16,61.24,99.97,40.00,65.29,237.70,27.81,1.71,0.59,0.80,2.88,1.36,505,61.19,100.70,83.75,105.14,49.53,62.19,226.00,27.48,1.83,0.65,0.85,2.83,1.31,300,49.00,101.16,65.08,103.15,42.08,66.70,230.60,27.06,47500.00,27.37,23.53,204.18,35.82
2025-11-10,Cade Cunningham,PG,DET,WAS,10400,35.84,19.36,49.02,4.71,Confirmed,,Detroit Pistons,Washington Wizards,Cade Cunningham,10,0.29,47.20,96.10,36.20,765,10,0.29,47.20,96.10,36.20,765,5,0.29,51.70,98.00,37.30,394,3.00,0.32,48.00,91.70,36.80,230.00,1.30,0.49,0.62,2.65,1.26,1009,75.82,102.56,97.68,95.16,47.98,46.74,170.70,27.65,1.30,0.49,0.62,2.65,1.26,1009,75.82,102.56,97.68,95.16,47.98,46.74,170.70,27.65,1.39,0.53,0.66,2.63,1.24,500,78.80,101.55,99.52,94.18,52.50,49.68,180.20,28.69,1.30,0.52,0.63,2.49,1.20,300,76.67,101.00,92.62,89.32,48.48,46.75,180.60,26.58,45400.00,22.91,110.72,226.75,13.25
2025-11-10,Jalen Duren,C,DET,WAS,8100,33.02,20.67,48.41,5.98,Confirmed,,Detroit Pistons,Washington Wizards,Jalen Duren,10,0.23,40.50,47.00,27.90,583,10,0.23,40.50,47.00,27.90,583,5,0.23,48.80,54.60,33.10,340,3.00,0.23,52.30,57.30,34.10,209.00,1.45,0.86,0.69,1.68,0.81,1009,57.78,102.56,47.77,55.63,41.17,47.94,170.70,23.73,1.45,0.86,0.69,1.68,0.81,1009,57.78,102.56,47.77,55.63,41.17,47.94,170.70,23.73,1.47,0.89,0.72,1.65,0.80,500,68.00,101.55,55.45,54.47,49.56,48.69,180.20,27.08,1.53,0.91,0.75,1.68,0.82,300,69.67,101.00,57.87,55.49,52.82,50.65,180.60,28.96,45400.00,17.84,110.72,226.75,13.25
2025-11-10,Donovan Mitchell,SG/PG,CLE,MIA,9000,31.98,9.07,47.83,5.31,,,Cleveland Cavaliers,Miami Heat,Donovan Mitchell,9,0.30,45.10,72.70,33.10,658,9,0.30,45.10,72.70,33.10,658,4,0.31,53.40,76.30,33.00,295,3.00,0.31,53.50,74.70,32.00,215.00,1.36,0.62,0.62,2.20,0.99,1030,63.88,104.95,66.67,70.25,41.36,43.58,256.20,17.60,1.36,0.62,0.62,2.20,0.99,1030,63.88,104.95,66.67,70.25,41.36,43.58,256.20,17.60,1.62,0.70,0.72,2.31,1.03,517,57.06,104.95,61.96,73.95,43.36,51.75,280.10,19.06,1.67,0.72,0.75,2.33,1.04,312,68.91,106.00,76.14,74.66,54.53,53.47,261.50,20.46,53800.00,16.73,47.41,232.00,8.00
2025-11-10,Victor Wembanyama,C/PF,SA,CHI,12200,33.15,11.37,47.44,3.89,,,San Antonio Spurs,Chicago Bulls,Victor Wembanyama,9,0.30,56.40,68.40,34.00,645,9,0.30,56.40,68.40,34.00,645,5,0.28,46.40,69.20,35.30,374,3.00,0.28,42.60,65.00,34.10,218.00,1.66,0.82,0.79,2.01,0.95,908,71.04,101.15,68.58,66.69,56.55,54.99,237.50,23.75,1.66,0.82,0.79,2.01,0.95,908,71.04,101.15,68.58,66.69,56.55,54.99,237.50,23.75,1.31,0.67,0.62,1.96,0.93,506,73.91,101.25,69.23,64.98,46.42,43.57,236.90,19.59,1.25,0.66,0.59,1.91,0.89,302,72.19,101.75,65.70,63.19,43.06,41.41,238.50,17.86,51000.00,23.92,35.13,218.81,21.19
2025-11-10,Devin Booker,PG/SG,PHO,NO,9500,35.97,12.31,45.44,4.78,,,Phoenix Suns,New Orleans Pelicans,Devin Booker,10,0.30,44.50,75.40,36.90,782,10,0.30,44.50,75.40,36.90,782,5,0.29,48.30,76.80,37.50,384,3.00,0.29,44.90,76.70,38.10,231.00,1.21,0.59,0.57,2.04,0.96,1013,77.20,99.86,74.33,73.49,43.87,43.37,217.10,20.50,1.21,0.59,0.57,2.04,0.96,1013,77.20,99.86,74.33,73.49,43.87,43.37,217.10,20.50,1.29,0.63,0.63,2.05,1.00,489,78.53,98.75,77.55,73.66,48.77,46.32,215.40,22.42,1.18,0.59,0.58,2.01,1.00,285,81.05,97.41,78.65,72.41,46.04,42.39,208.40,21.55,41600.00,22.84,49.79,203.69,36.31
2025-11-10,Deni Avdija,SF/PF,POR,ORL,8600,34.33,15.36,45.02,5.23,Confirmed,,Portland Trail Blazers,Orlando Magic,Deni Avdija,9,0.27,42.00,85.00,33.80,673,9,0.27,42.00,85.00,33.80,673,5,0.27,45.40,90.20,35.20,393,3.00,0.28,53.30,95.30,36.50,249.00,1.24,0.49,0.56,2.51,1.14,952,70.69,103.95,83.53,86.34,41.27,42.66,209.20,20.08,1.24,0.49,0.56,2.51,1.14,952,70.69,103.95,83.53,86.34,41.27,42.66,209.20,20.08,1.29,0.50,0.58,2.56,1.15,531,74.01,102.95,87.44,87.98,44.01,44.28,213.10,21.30,1.46,0.56,0.64,2.61,1.15,322,77.33,102.83,91.30,89.64,51.06,50.14,215.40,24.74,41900.00,20.53,59.23,203.60,36.40
2025-11-10,Julius Randle,PF,MIN,UTA,8900,32.89,5.27,44.20,4.97,,,Minnesota Timberwolves,Utah Jazz,Julius Randle,10,0.27,44.30,66.40,33.20,699,10,0.27,44.30,66.40,33.20,699,5,0.28,43.60,66.00,31.30,333,3.00,0.29,41.10,62.70,30.20,195.00,1.33,0.67,0.63,2.00,0.95,1008,69.35,101.02,66.54,65.78,44.40,43.89,224.10,19.77,1.33,0.67,0.63,2.00,0.95,1008,69.35,101.02,66.54,65.78,44.40,43.89,224.10,19.77,1.39,0.66,0.65,2.11,0.99,507,65.68,101.25,65.90,69.35,43.54,45.82,235.30,18.53,1.36,0.66,0.63,2.08,0.96,309,63.11,102.09,62.15,68.29,40.74,44.76,221.10,18.59,48700.00,18.28,49.05,220.15,19.85
2025-11-10,Paolo Banchero,PF/SF,ORL,POR,9100,34.78,8.39,43.21,4.75,Confirmed,,Orlando Magic,Portland Trail Blazers,Paolo Banchero,10,0.27,42.50,71.40,34.60,739,10,0.27,42.50,71.40,34.60,739,5,0.26,43.50,70.60,33.40,353,3.00,0.26,39.40,75.70,36.00,225.00,1.23,0.60,0.58,2.06,0.97,1018,72.59,103.95,72.91,71.78,43.40,42.73,196.90,21.58,1.23,0.60,0.58,2.06,0.97,1018,72.59,103.95,72.91,71.78,43.40,42.73,196.90,21.58,1.30,0.62,0.62,2.11,1.00,497,71.03,102.95,73.12,73.53,45.05,45.30,200.40,21.71,1.09,0.52,0.53,2.10,1.01,294,76.53,102.83,79.43,73.14,41.34,38.07,186.50,21.13,44700.00,20.36,58.37,214.82,25.18
2025-11-10,Alex Sarr,C/PF,WAS,DET,7900,28.93,7.66,42.43,5.37,Confirmed,,Washington Wizards,Detroit Pistons,Alex Sarr,10,0.27,41.40,60.60,28.40,615,10,0.27,41.40,60.60,28.40,615,5,0.27,42.80,62.60,29.50,320,3.00,0.30,46.00,66.00,30.10,192.00,1.46,0.68,0.67,2.13,0.99,1054,58.35,102.56,58.97,61.72,40.28,42.17,207.50,19.95,1.46,0.68,0.67,2.13,0.99,1054,58.35,102.56,58.97,61.72,40.28,42.17,207.50,19.95,1.45,0.68,0.67,2.12,0.98,517,61.90,101.55,61.48,61.38,42.03,41.97,187.60,22.81,1.53,0.70,0.72,2.19,1.03,307,62.54,101.00,65.14,63.43,45.40,44.21,196.60,23.40,47500.00,16.63,45.22,228.16,11.84
2025-11-10,Evan Mobley,PF/C,CLE,MIA,8700,31.95,13.93,42.06,4.83,,,Cleveland Cavaliers,Miami Heat,Evan Mobley,10,0.24,43.60,74.30,33.40,719,10,0.24,43.60,74.30,33.40,719,5,0.25,42.70,74.80,33.10,357,3.00,0.25,40.40,67.70,31.80,206.00,1.31,0.59,0.61,2.22,1.03,1030,69.81,104.95,75.71,71.07,44.43,41.70,256.20,17.02,1.31,0.59,0.61,2.22,1.03,1030,69.81,104.95,75.71,71.07,44.43,41.70,256.20,17.02,1.29,0.57,0.60,2.26,1.05,517,69.05,104.95,75.92,72.20,43.34,41.21,280.10,15.24,1.27,0.60,0.59,2.13,0.99,312,66.03,106.00,69.00,68.02,41.18,40.59,261.50,15.45,53800.00,16.17,47.41,232.00,8.00
2025-11-10,Stephon Castle,SG/PG,SA,CHI,7800,33.04,1.78,40.83,5.23,,,San Antonio Spurs,Chicago Bulls,Stephon Castle,9,0.26,38.70,81.70,33.40,631,9,0.26,38.70,81.70,33.40,631,5,0.22,45.00,91.00,35.60,375,3.00,0.22,41.00,92.70,36.20,229.00,1.16,0.47,0.55,2.45,1.17,908,69.49,101.15,81.91,80.81,38.80,38.28,237.50,16.29,1.16,0.47,0.55,2.45,1.17,908,69.49,101.15,81.91,80.81,38.80,38.28,237.50,16.29,1.26,0.49,0.60,2.56,1.21,506,74.11,101.25,91.04,84.45,45.02,41.76,236.90,19.00,1.13,0.44,0.54,2.56,1.21,302,75.83,101.75,93.70,84.60,41.44,37.42,238.50,17.19,51000.00,15.29,35.13,218.81,21.19
2025-11-10,Jrue Holiday,PG,POR,ORL,6900,34.49,21.69,38.28,5.55,Confirmed,,Portland Trail Blazers,Orlando Magic,Jrue Holiday,9,0.21,38.80,79.30,33.20,667,9,0.21,38.80,79.30,33.20,667,5,0.21,39.30,85.60,34.70,390,3.00,0.21,37.20,84.70,35.10,240.00,1.17,0.49,0.52,2.39,1.07,952,70.06,103.95,77.93,82.38,38.13,40.31,209.20,18.55,1.17,0.49,0.52,2.39,1.07,952,70.06,103.95,77.93,82.38,38.13,40.31,209.20,18.55,1.13,0.46,0.50,2.47,1.10,531,73.45,102.95,82.98,85.08,38.10,39.06,213.10,18.44,1.06,0.44,0.47,2.41,1.06,322,74.53,102.83,81.15,83.23,35.64,36.55,215.40,17.27,41900.00,16.47,59.23,203.60,36.40
2025-11-10,Anthony Edwards,SG/SF,MIN,UTA,9400,34.17,12.39,38.01,4.04,,,Minnesota Timberwolves,Utah Jazz,Anthony Edwards,6,0.33,36.20,57.80,26.90,342,6,0.33,36.20,57.80,26.90,342,3,0.32,38.90,64.70,28.10,180,3.00,0.32,38.90,64.70,28.10,180.00,1.35,0.63,0.64,2.15,1.01,1008,33.93,101.02,34.76,73.43,21.77,45.99,224.10,16.15,1.35,0.63,0.64,2.15,1.01,1008,33.93,101.02,34.76,73.43,21.77,45.99,224.10,16.15,1.38,0.60,0.65,2.30,1.08,507,35.50,101.25,38.76,78.68,23.31,47.31,235.30,16.53,1.38,0.60,0.65,2.30,1.08,309,58.25,102.09,64.13,78.68,38.56,47.31,221.10,17.59,48700.00,19.30,49.05,220.15,19.85
2025-11-10,Trey Murphy,SF/SG,NO,PHO,7500,35.24,15.10,37.60,5.01,,,New Orleans Pelicans,Phoenix Suns,Trey Murphy III,9,0.19,34.40,63.10,35.80,681,9,0.19,34.40,63.10,35.80,681,5,0.20,39.10,62.80,35.80,382,3.00,0.21,42.60,69.30,37.80,242.00,0.96,0.55,0.45,1.76,0.83,906,75.17,99.86,62.59,62.11,34.12,33.86,184.60,18.63,0.96,0.55,0.45,1.76,0.83,906,75.17,99.86,62.59,62.11,34.12,33.86,184.60,18.63,1.09,0.62,0.51,1.75,0.82,501,76.25,98.75,61.89,61.82,38.53,38.49,200.20,19.53,1.13,0.61,0.53,1.83,0.86,301,80.40,97.41,67.28,64.61,41.36,39.71,226.60,18.80,47000.00,15.96,52.48,236.10,3.90
2025-11-10,Franz Wagner,SF/PF,ORL,POR,7400,34.35,16.25,36.77,4.97,Confirmed,,Orlando Magic,Portland Trail Blazers,Franz Wagner,10,0.24,36.60,59.20,34.80,754,10,0.24,36.60,59.20,34.80,754,5,0.27,37.40,61.40,34.70,359,3.00,0.27,35.20,58.70,36.20,222.00,1.05,0.62,0.49,1.70,0.79,1018,74.07,103.95,60.45,58.43,37.37,36.13,196.90,18.59,1.05,0.62,0.49,1.70,0.79,1018,74.07,103.95,60.45,58.43,37.37,36.13,196.90,18.59,1.08,0.61,0.52,1.77,0.86,497,72.23,102.95,63.59,60.78,38.74,37.02,200.40,18.66,0.97,0.60,0.48,1.62,0.79,294,75.51,102.83,61.59,55.70,36.93,33.40,186.50,18.87,44700.00,16.55,58.37,214.82,25.18
2025-11-10,Miles Bridges,PF/SF,CHA,LAL,8200,33.78,11.57,36.46,4.45,Confirmed,,Charlotte Hornets,Los Angeles Lakers,Miles Bridges,9,0.24,36.40,59.00,34.40,676,9,0.24,36.40,59.00,34.40,676,5,0.24,37.70,62.80,36.20,385,3.00,0.25,39.60,63.30,37.10,239.00,1.06,0.62,0.48,1.72,0.79,927,72.92,102.16,58.52,57.93,36.10,35.74,185.70,19.60,1.06,0.62,0.48,1.72,0.79,927,72.92,102.16,58.52,57.93,36.10,35.74,185.70,19.60,1.04,0.60,0.49,1.73,0.82,502,76.69,100.70,62.99,58.60,37.81,35.18,195.80,19.25,1.07,0.63,0.50,1.71,0.79,305,78.36,101.16,62.98,57.63,39.40,36.05,222.10,17.83,43400.00,18.89,34.44,213.90,26.10
2025-11-10,Dyson Daniels,SG/PG,ATL,LAC,7700,33.59,3.33,35.51,4.61,,,Atlanta Hawks,LA Clippers,Dyson Daniels,10,0.14,31.40,62.50,33.00,705,10,0.14,31.40,62.50,33.00,705,5,0.15,39.80,74.80,36.00,381,3.00,0.14,37.60,76.00,35.40,221.00,0.95,0.50,0.45,1.89,0.89,1020,69.12,99.31,60.85,63.62,30.57,31.96,220.80,14.22,0.95,0.50,0.45,1.89,0.89,1020,69.12,99.31,60.85,63.62,30.57,31.96,220.80,14.22,1.11,0.53,0.52,2.08,0.98,508,75.00,99.35,73.14,69.79,38.92,37.14,231.20,17.21,1.06,0.49,0.51,2.15,1.03,300,73.67,97.34,73.98,72.11,36.60,35.68,228.90,16.43,49200.00,15.65,18.84,214.27,25.73
2025-11-10,Jarrett Allen,C/PF,CLE,MIA,6700,26.72,2.92,35.33,5.27,,,Cleveland Cavaliers,Miami Heat,Jarrett Allen,8,0.20,33.70,35.00,26.90,474,8,0.20,33.70,35.00,26.90,474,3,0.22,41.80,40.70,26.70,178,3.00,0.22,41.80,40.70,26.70,178.00,1.25,0.96,0.57,1.30,0.59,1030,46.02,104.95,28.53,34.77,27.47,33.48,256.20,13.15,1.25,0.96,0.57,1.30,0.59,1030,46.02,104.95,28.53,34.77,27.47,33.48,256.20,13.15,1.57,1.03,0.70,1.52,0.69,517,34.43,104.95,24.79,40.74,25.46,41.84,280.10,14.92,1.57,1.03,0.70,1.52,0.69,312,57.05,106.00,41.48,40.74,42.60,41.84,261.50,15.98,53800.00,12.45,47.41,232.00,8.00
2025-11-10,Keyonte George,PG/SG,UTA,MIN,7100,31.94,6.28,35.16,4.95,,,Utah Jazz,Minnesota Timberwolves,Keyonte George,9,0.27,37.50,86.00,33.70,638,9,0.27,37.50,86.00,33.70,638,5,0.27,36.40,83.40,32.90,348,3.00,0.26,33.10,79.30,32.90,209.00,1.11,0.44,0.53,2.55,1.21,925,68.97,101.02,84.53,81.51,36.86,35.54,172.90,21.69,1.11,0.44,0.53,2.55,1.21,925,68.97,101.02,84.53,81.51,36.86,35.54,172.90,21.69,1.11,0.44,0.52,2.53,1.20,506,68.77,101.25,83.44,80.97,36.42,35.34,164.70,22.10,1.01,0.42,0.48,2.41,1.14,304,68.75,102.09,79.89,76.99,33.35,32.13,171.60,19.29,40900.00,17.36,27.51,196.29,43.71
2025-11-10,Lauri Markkanen,PF/SF,UTA,MIN,7700,32.84,6.84,34.70,4.51,,,Utah Jazz,Minnesota Timberwolves,Lauri Markkanen,9,0.28,41.30,57.60,35.40,677,9,0.28,41.30,57.60,35.40,677,5,0.30,34.10,53.60,33.10,351,3.00,0.27,30.00,51.00,32.60,207.00,1.17,0.72,0.55,1.63,0.77,925,73.19,101.02,56.61,53.44,40.59,38.31,172.90,23.89,1.17,0.72,0.55,1.63,0.77,925,73.19,101.02,56.61,53.44,40.59,38.31,172.90,23.89,1.03,0.64,0.49,1.62,0.76,506,69.37,101.25,53.63,53.18,34.12,33.83,164.70,20.70,0.92,0.59,0.43,1.56,0.74,304,68.09,102.09,51.38,51.38,30.22,30.22,171.60,17.48,40900.00,18.83,27.51,196.29,43.71
2025-11-10,Myles Turner,C,MIL,DAL,6200,30.00,4.20,34.36,5.54,,,Milwaukee Bucks,Dallas Mavericks,Myles Turner,10,0.17,30.90,36.80,29.20,627,10,0.17,30.90,36.80,29.20,627,5,0.17,33.00,34.00,28.80,301,3.00,0.19,38.80,39.30,29.30,185.00,1.06,0.84,0.49,1.26,0.59,1021,61.41,102.50,36.94,37.80,31.02,31.74,229.90,13.44,1.06,0.84,0.49,1.26,0.59,1021,61.41,102.50,36.94,37.80,31.02,31.74,229.90,13.44,1.15,0.97,0.55,1.18,0.56,506,59.49,101.25,34.02,35.41,33.02,34.37,219.90,15.01,1.32,0.99,0.63,1.34,0.64,304,60.86,101.00,39.17,40.24,38.67,39.72,223.00,17.40,50900.00,12.18,23.35,233.49,6.51
2025-11-10,P.J. Washington,PF/SF,DAL,MIL,6900,33.71,3.37,34.17,4.95,,,Dallas Mavericks,Milwaukee Bucks,P.J. Washington,10,0.21,33.30,59.50,33.90,732,10,0.21,33.30,59.50,33.90,732,5,0.21,35.80,58.60,34.30,368,3.00,0.20,32.60,51.00,33.30,212.00,0.98,0.56,0.45,1.76,0.81,1027,71.28,102.50,59.38,59.17,33.24,33.12,182.50,18.25,0.98,0.56,0.45,1.76,0.81,1027,71.28,102.50,59.38,59.17,33.24,33.12,182.50,18.25,1.04,0.61,0.49,1.71,0.80,506,72.73,101.25,58.63,57.60,35.82,35.19,199.30,17.96,0.98,0.64,0.46,1.53,0.72,302,70.20,101.00,51.17,51.63,32.71,33.01,199.40,16.35,43000.00,16.05,8.00,206.64,33.36
2025-11-10,Jalen Johnson,PF/SF,ATL,LAC,8500,31.81,4.44,34.07,4.01,Q,,Atlanta Hawks,LA Clippers,Jalen Johnson,8,0.24,40.00,77.90,32.00,566,8,0.24,40.00,77.90,32.00,566,4,0.23,41.70,81.80,33.50,294,2.00,0.22,32.10,76.00,33.00,141.00,1.25,0.51,0.57,2.43,1.10,1020,55.49,99.31,60.68,77.44,31.16,39.76,220.80,18.12,1.25,0.51,0.57,2.43,1.10,1020,55.49,99.31,60.68,77.44,31.16,39.76,220.80,18.12,1.24,0.51,0.57,2.44,1.11,508,57.87,99.35,63.99,77.67,32.62,39.60,231.20,18.04,0.97,0.42,0.46,2.30,1.08,300,47.00,97.34,49.32,73.26,20.83,30.94,228.90,14.02,49200.00,17.28,18.84,214.27,25.73
2025-11-10,Rudy Gobert,C,MIN,UTA,5800,31.41,8.02,33.57,5.79,,,Minnesota Timberwolves,Utah Jazz,Rudy Gobert,10,0.12,30.10,39.80,31.80,667,10,0.12,30.10,39.80,31.80,667,5,0.13,36.20,42.20,32.00,329,3.00,0.12,33.20,36.00,30.20,185.00,0.95,0.76,0.45,1.25,0.60,1008,66.17,101.02,39.89,39.31,30.17,29.73,224.10,13.43,0.95,0.76,0.45,1.25,0.60,1008,66.17,101.02,39.89,39.31,30.17,29.73,224.10,13.43,1.13,0.86,0.55,1.32,0.64,507,64.89,101.25,42.14,41.42,36.15,35.53,235.30,15.38,1.10,0.92,0.54,1.19,0.58,309,59.87,102.09,35.68,37.44,32.91,34.53,221.10,15.02,48700.00,11.91,49.05,220.15,19.85
2025-11-10,Jaden McDaniels,SF/PF,MIN,UTA,6100,31.25,4.33,33.49,5.49,,,Minnesota Timberwolves,Utah Jazz,Jaden McDaniels,10,0.22,32.20,49.00,31.40,658,10,0.22,32.20,49.00,31.40,658,5,0.21,32.30,48.00,29.20,308,3.00,0.22,33.20,47.00,28.30,180.00,1.03,0.66,0.49,1.56,0.74,1008,65.28,101.02,49.11,48.76,32.27,32.05,224.10,14.37,1.03,0.66,0.49,1.56,0.74,1008,65.28,101.02,49.11,48.76,32.27,32.05,224.10,14.37,1.11,0.67,0.52,1.64,0.78,507,60.75,101.25,47.93,51.37,32.25,34.57,235.30,13.73,1.17,0.71,0.55,1.66,0.78,309,58.25,102.09,46.58,51.90,32.91,36.66,221.10,15.02,48700.00,12.53,49.05,220.15,19.85
2025-11-10,Nikola Vucevic,C,CHI,SA,7600,31.85,10.74,33.44,4.40,,,Chicago Bulls,San Antonio Spurs,Nikola Vučević,9,0.20,37.40,70.70,31.60,617,9,0.20,37.40,70.70,31.60,617,5,0.22,32.60,68.80,30.90,334,3.00,0.21,28.90,65.00,30.60,200.00,1.18,0.53,0.55,2.24,1.03,928,66.49,101.15,69.36,71.26,36.69,37.70,195.30,19.15,1.18,0.53,0.55,2.24,1.03,928,66.49,101.15,69.36,71.26,36.69,37.70,195.30,19.15,1.06,0.47,0.49,2.23,1.03,511,65.36,101.25,68.16,70.92,32.30,33.60,196.10,16.62,0.94,0.44,0.43,2.12,0.97,311,64.31,101.75,63.80,67.66,28.37,30.08,191.60,15.08,41000.00,18.54,73.61,214.85,25.15
2025-11-10,Austin Reaves,SG/SF,LAL,CHA,8400,34.57,9.77,32.99,3.93,Confirmed,,Los Angeles Lakers,Charlotte Hornets,Austin Reaves,7,0.29,52.10,90.90,37.80,562,7,0.29,52.10,90.90,37.80,562,2,0.26,38.60,87.50,36.90,159,2.00,0.26,38.60,87.50,36.90,159.00,1.38,0.57,0.65,2.40,1.13,1013,55.48,102.16,64.17,83.13,36.78,47.65,237.70,21.92,1.38,0.57,0.65,2.40,1.13,1013,55.48,102.16,64.17,83.13,36.78,47.65,237.70,21.92,1.05,0.44,0.49,2.37,1.10,505,31.49,100.70,34.90,81.97,15.39,36.16,226.00,17.08,1.05,0.44,0.49,2.37,1.10,300,53.00,101.16,59.01,81.97,26.03,36.16,230.60,16.74,47500.00,17.68,23.53,204.18,35.82
2025-11-10,Jaime Jaquez,SF,MIA,CLE,6000,25.05,14.25,32.78,5.46,,,Miami Heat,Cleveland Cavaliers,Jaime Jaquez Jr.,10,0.21,34.20,67.60,29.50,662,10,0.21,34.20,67.60,29.50,662,5,0.23,36.40,73.20,29.70,338,3.00,0.23,38.50,72.00,29.40,201.00,1.16,0.51,0.52,2.29,1.02,1071,61.81,104.95,66.24,57.39,33.51,29.04,227.80,15.01,1.16,0.51,0.52,2.29,1.02,1071,61.81,104.95,66.24,57.39,33.51,29.04,227.80,15.01,1.23,0.50,0.54,2.46,1.08,534,63.30,104.95,71.93,61.73,35.77,30.70,238.80,15.24,1.31,0.53,0.57,2.45,1.07,326,61.66,106.00,70.23,61.34,37.56,32.80,261.80,14.71,48300.00,12.42,40.95,235.86,4.14
2025-11-10,Andrew Wiggins,SF/PF,MIA,CLE,6600,32.28,9.11,32.19,4.88,,,Miami Heat,Cleveland Cavaliers,Andrew Wiggins,10,0.20,31.30,41.20,32.20,720,10,0.20,31.30,41.20,32.20,720,5,0.20,32.80,43.40,34.00,379,3.00,0.19,36.10,44.00,33.80,232.00,0.97,0.76,0.43,1.28,0.57,1071,67.23,104.95,40.37,41.30,30.67,31.38,227.80,13.74,0.97,0.76,0.43,1.28,0.57,1071,67.23,104.95,40.37,41.30,30.67,31.38,227.80,13.74,0.96,0.76,0.43,1.28,0.57,534,70.97,104.95,42.65,41.20,32.23,31.14,238.80,13.74,1.07,0.82,0.47,1.30,0.57,326,71.17,106.00,42.92,42.02,35.21,34.47,261.80,13.79,48300.00,13.66,40.95,235.86,4.14
2025-11-10,Shaedon Sharpe,SG/PG,POR,ORL,5900,26.80,5.96,32.06,5.43,Confirmed,,Portland Trail Blazers,Orlando Magic,Shaedon Sharpe,9,0.30,29.50,50.60,26.90,538,9,0.30,29.50,50.60,26.90,538,5,0.29,31.50,46.80,25.50,275,3.00,0.31,36.10,49.00,26.30,174.00,1.10,0.58,0.49,1.88,0.85,952,56.51,103.95,49.73,50.41,28.99,29.39,209.20,14.10,1.10,0.58,0.49,1.88,0.85,952,56.51,103.95,49.73,50.41,28.99,29.39,209.20,14.10,1.24,0.67,0.57,1.84,0.85,531,51.79,102.95,45.37,49.19,30.54,33.11,213.10,14.78,1.37,0.74,0.62,1.86,0.84,322,54.04,102.83,46.94,49.93,34.59,36.79,215.40,16.76,41900.00,14.08,59.23,203.60,36.40
2025-11-10,Kel'el Ware,C/PF,MIA,CLE,6500,26.93,5.94,31.84,4.90,,,Miami Heat,Cleveland Cavaliers,Kel'el Ware,10,0.18,25.50,33.10,21.50,486,10,0.18,25.50,33.10,21.50,486,5,0.18,28.90,35.20,21.90,243,3.00,0.17,34.60,43.70,26.70,180.00,1.19,0.77,0.52,1.54,0.68,1071,45.38,104.95,32.44,41.47,24.99,31.94,227.80,11.19,1.19,0.77,0.52,1.54,0.68,1071,45.38,104.95,32.44,41.47,24.99,31.94,227.80,11.19,1.32,0.82,0.59,1.61,0.72,534,45.51,104.95,34.59,43.29,28.40,35.54,238.80,12.10,1.30,0.79,0.58,1.64,0.73,326,55.21,106.00,42.63,44.08,33.75,34.90,261.80,13.22,48300.00,13.46,40.95,235.86,4.14
2025-11-10,Deandre Ayton,C,LAL,CHA,6400,31.00,2.98,31.80,4.97,Confirmed,,Los Angeles Lakers,Charlotte Hornets,Deandre Ayton,9,0.20,30.20,48.00,30.20,575,9,0.20,30.20,48.00,30.20,575,4,0.22,28.80,40.50,25.10,213,3.00,0.22,35.70,46.70,27.90,177.00,1.00,0.63,0.47,1.59,0.75,1013,56.76,102.16,43.57,49.27,27.41,31.00,237.70,12.71,1.00,0.63,0.47,1.59,0.75,1013,56.76,102.16,43.57,49.27,27.41,31.00,237.70,12.71,1.15,0.71,0.54,1.61,0.76,505,42.18,100.70,32.30,50.02,22.97,35.57,226.00,12.74,1.28,0.76,0.61,1.67,0.79,300,59.00,101.16,47.24,51.89,36.11,39.67,230.60,15.48,47500.00,13.47,23.53,204.18,35.82
2025-11-10,Mark Williams,C,PHO,NO,6100,26.80,7.98,31.54,5.17,,,Phoenix Suns,New Orleans Pelicans,Mark Williams,9,0.17,31.20,36.10,25.60,494,9,0.17,31.20,36.10,25.60,494,5,0.17,30.80,39.00,26.80,277,3.00,0.19,34.50,42.00,27.80,170.00,1.22,0.86,0.57,1.41,0.66,1013,48.77,99.86,32.03,37.79,27.68,32.66,217.10,14.37,1.22,0.86,0.57,1.41,0.66,1013,48.77,99.86,32.03,37.79,27.68,32.66,217.10,14.37,1.15,0.79,0.56,1.46,0.70,489,56.65,98.75,39.38,39.00,31.10,30.80,215.40,14.30,1.24,0.82,0.61,1.51,0.74,285,59.65,97.41,43.07,40.49,35.38,33.26,208.40,16.55,41600.00,14.66,49.79,203.69,36.31
2025-11-10,Cooper Flagg,PG/SG/SF,DAL,MIL,6800,32.14,3.87,31.51,4.63,,,Dallas Mavericks,Milwaukee Bucks,Cooper Flagg,10,0.21,29.40,59.50,32.50,701,10,0.21,29.40,59.50,32.50,701,5,0.22,31.60,62.60,32.70,340,3.00,0.23,34.80,55.00,32.00,200.00,0.90,0.49,0.42,1.83,0.85,1027,68.26,102.50,59.38,58.83,29.34,29.07,182.50,16.11,0.90,0.49,0.42,1.83,0.85,1027,68.26,102.50,59.38,58.83,29.34,29.07,182.50,16.11,0.97,0.50,0.46,1.91,0.92,506,67.19,101.25,62.63,61.52,31.62,31.06,199.30,15.86,1.09,0.63,0.52,1.72,0.82,302,66.23,101.00,55.18,55.23,34.92,34.95,199.40,17.45,43000.00,15.81,8.00,206.64,33.36
2025-11-10,Kon Knueppel,SF/SG,CHA,LAL,6000,32.24,5.54,31.02,5.17,Confirmed,,Charlotte Hornets,Los Angeles Lakers,Kon Knueppel,9,0.20,27.00,50.90,31.50,615,9,0.20,27.00,50.90,31.50,615,5,0.21,29.80,57.20,33.10,350,3.00,0.24,41.70,65.30,36.00,227.00,0.86,0.53,0.40,1.62,0.74,927,66.34,102.16,50.48,52.09,26.78,27.63,185.70,14.54,0.86,0.53,0.40,1.62,0.74,927,66.34,102.16,50.48,52.09,26.78,27.63,185.70,14.54,0.90,0.52,0.43,1.73,0.82,502,69.72,100.70,57.37,55.71,29.89,29.02,195.80,15.22,1.16,0.64,0.55,1.81,0.86,305,74.43,101.16,64.97,58.47,41.49,37.34,222.10,18.78,43400.00,13.82,34.44,213.90,26.10
2025-11-10,Grayson Allen,SG/SF,PHO,NO,5800,32.98,14.55,30.68,5.29,,,Phoenix Suns,New Orleans Pelicans,Grayson Allen,10,0.19,30.30,61.70,34.50,728,10,0.19,30.30,61.70,34.50,728,5,0.19,31.80,59.40,33.80,353,3.00,0.18,31.10,58.00,34.30,211.00,0.88,0.49,0.42,1.79,0.85,1013,71.87,99.86,60.82,58.98,29.87,28.96,217.10,13.96,0.88,0.49,0.42,1.79,0.85,1013,71.87,99.86,60.82,58.98,29.87,28.96,217.10,13.96,0.94,0.54,0.45,1.76,0.84,489,72.19,98.75,59.98,57.96,32.11,31.03,215.40,14.76,0.91,0.54,0.44,1.69,0.82,285,74.04,97.41,59.47,55.77,31.89,29.90,208.40,14.92,41600.00,13.94,49.79,203.69,36.31
2025-11-10,Ryan Kalkbrenner,C,CHA,LAL,5700,27.89,0.12,30.00,5.26,Confirmed,,Charlotte Hornets,Los Angeles Lakers,Ryan Kalkbrenner,9,0.11,27.50,29.90,27.40,532,9,0.11,27.50,29.90,27.40,532,5,0.12,30.50,28.00,28.10,302,3.00,0.11,31.30,27.70,26.50,170.00,1.00,0.92,0.47,1.09,0.51,927,57.39,102.16,29.66,30.44,27.28,27.99,185.70,14.81,1.00,0.92,0.47,1.09,0.51,927,57.39,102.16,29.66,30.44,27.28,27.99,185.70,14.81,1.09,1.09,0.50,1.00,0.46,502,60.16,100.70,28.08,27.79,30.59,30.27,195.80,15.58,1.18,1.13,0.55,1.05,0.49,305,55.74,101.16,27.56,29.16,31.14,32.94,222.10,14.09,43400.00,13.13,34.44,213.90,26.10
2025-11-10,Ryan Rollins,PG/SG,MIL,DAL,6300,28.77,3.12,29.84,4.74,,,Milwaukee Bucks,Dallas Mavericks,Ryan Rollins,10,0.21,33.00,66.80,30.90,654,10,0.21,33.00,66.80,30.90,654,5,0.21,29.80,62.20,30.80,323,3.00,0.22,30.20,62.30,29.70,185.00,1.07,0.49,0.50,2.16,1.02,1021,64.05,102.50,67.06,62.20,33.13,30.73,229.90,14.35,1.07,0.49,0.50,2.16,1.02,1021,64.05,102.50,67.06,62.20,33.13,30.73,229.90,14.35,0.97,0.48,0.46,2.02,0.96,506,63.83,101.25,62.23,58.11,29.81,27.84,219.90,13.55,1.02,0.48,0.49,2.10,1.01,304,60.86,101.00,62.10,60.35,30.10,29.26,223.00,13.54,50900.00,12.38,23.35,233.49,6.51
2025-11-10,Jusuf Nurkic,C,UTA,MIN,5800,27.87,8.31,29.63,5.11,,,Utah Jazz,Minnesota Timberwolves,Jusuf Nurkić,9,0.19,25.30,46.80,21.30,428,9,0.19,25.30,46.80,21.30,428,5,0.17,26.70,51.60,24.40,263,3.00,0.16,31.10,55.00,27.60,178.00,1.19,0.54,0.53,2.20,0.98,925,46.27,101.02,46.00,61.24,24.87,33.10,172.90,14.63,1.19,0.54,0.53,2.20,0.98,925,46.27,101.02,46.00,61.24,24.87,33.10,172.90,14.63,1.09,0.52,0.51,2.11,0.98,506,51.98,101.25,51.63,58.94,26.71,30.50,164.70,16.21,1.13,0.57,0.52,1.99,0.93,304,58.55,102.09,55.41,55.54,31.33,31.40,171.60,18.12,40900.00,14.18,27.51,196.29,43.71
2025-11-10,Kevin Huerter,SF/SG,CHI,SA,5100,28.76,5.60,29.29,5.74,,,Chicago Bulls,San Antonio Spurs,Kevin Huerter,9,0.20,26.80,41.80,25.10,500,9,0.20,26.80,41.80,25.10,500,5,0.21,27.00,42.00,24.80,269,3.00,0.23,28.10,43.30,25.60,172.00,1.07,0.64,0.48,1.67,0.75,928,53.88,101.15,41.00,47.89,26.29,30.71,195.30,13.72,1.07,0.64,0.48,1.67,0.75,928,53.88,101.15,41.00,47.89,26.29,30.71,195.30,13.72,1.09,0.64,0.50,1.69,0.78,511,52.64,101.25,41.61,48.70,26.75,31.31,196.10,13.77,1.10,0.65,0.49,1.69,0.76,311,55.31,101.75,42.50,48.64,27.58,31.57,191.60,14.67,41000.00,12.44,73.61,214.85,25.15
2025-11-10,Donte DiVincenzo,SG/PG,MIN,UTA,5700,29.49,15.40,28.92,5.07,,,Minnesota Timberwolves,Utah Jazz,Donte DiVincenzo,10,0.17,27.80,53.70,29.70,625,10,0.17,27.80,53.70,29.70,625,5,0.19,30.90,51.80,29.40,303,3.00,0.15,25.90,43.00,28.30,177.00,0.94,0.52,0.44,1.81,0.86,1008,62.00,101.02,53.82,53.32,27.86,27.60,224.10,12.41,0.94,0.52,0.44,1.81,0.86,1008,62.00,101.02,53.82,53.32,27.86,27.60,224.10,12.41,1.05,0.60,0.51,1.76,0.85,507,59.76,101.25,51.72,51.96,30.85,31.00,235.30,13.13,0.92,0.60,0.44,1.52,0.73,309,57.28,102.09,42.62,44.81,25.67,26.99,221.10,11.71,48700.00,11.70,49.05,220.15,19.85
2025-11-10,Tre Jones,SG/PG,CHI,SA,5700,30.23,20.06,28.80,5.05,,,Chicago Bulls,San Antonio Spurs,Tre Jones,9,0.17,30.40,65.80,29.50,586,9,0.17,30.40,65.80,29.50,586,5,0.18,26.60,64.40,28.80,319,3.00,0.18,29.00,65.30,28.70,196.00,1.03,0.46,0.47,2.23,1.01,928,63.15,101.15,64.55,67.43,29.82,31.15,195.30,15.57,1.03,0.46,0.47,2.23,1.01,928,63.15,101.15,64.55,67.43,29.82,31.15,195.30,15.57,0.92,0.41,0.42,2.24,1.01,511,62.43,101.25,63.80,67.60,26.35,27.92,196.10,13.56,1.01,0.44,0.44,2.28,1.00,311,63.02,101.75,64.09,68.78,28.46,30.55,191.60,15.14,41000.00,13.90,73.61,214.85,25.15
2025-11-10,Kristaps Porzingis,C/PF,ATL,LAC,6700,24.29,9.20,28.75,4.29,,,Atlanta Hawks,LA Clippers,Kristaps Porziņģis,7,0.26,34.80,38.60,26.10,397,7,0.26,34.80,38.60,26.10,397,4,0.25,34.20,41.30,26.80,227,2.00,0.24,36.40,42.00,28.00,118.00,1.33,0.90,0.61,1.48,0.68,1020,38.92,99.31,26.31,35.93,23.72,32.39,220.80,15.76,1.33,0.90,0.61,1.48,0.68,1020,38.92,99.31,26.31,35.93,23.72,32.39,220.80,15.76,1.28,0.83,0.60,1.54,0.73,508,44.69,99.35,32.31,37.43,26.75,31.00,231.20,14.79,1.30,0.87,0.62,1.50,0.71,300,39.33,97.34,27.26,36.44,23.62,31.58,228.90,15.90,49200.00,13.62,18.84,214.27,25.73
2025-11-10,Jerami Grant,PF/SF,POR,ORL,5800,26.24,0.90,28.49,4.91,,,Portland Trail Blazers,Orlando Magic,Jerami Grant,9,0.22,30.90,47.20,28.40,566,9,0.22,30.90,47.20,28.40,566,5,0.22,29.80,49.20,28.70,320,3.00,0.22,30.60,50.30,28.90,194.00,1.09,0.65,0.49,1.66,0.75,952,59.45,103.95,46.38,43.61,30.37,28.55,209.20,14.77,1.09,0.65,0.49,1.66,0.75,952,59.45,103.95,46.38,43.61,30.37,28.55,209.20,14.77,1.04,0.61,0.47,1.71,0.77,531,60.26,102.95,47.69,44.98,28.89,27.25,213.10,13.98,1.06,0.61,0.47,1.74,0.78,322,60.25,102.83,48.19,45.67,29.32,27.78,215.40,14.21,41900.00,13.84,59.23,203.60,36.40
2025-11-10,Davion Mitchell,PG,MIA,CLE,5400,28.62,1.13,28.34,5.25,,,Miami Heat,Cleveland Cavaliers,Davion Mitchell,10,0.14,27.40,68.00,29.30,654,10,0.14,27.40,68.00,29.30,654,5,0.12,30.20,70.00,31.10,344,3.00,0.12,30.80,65.30,29.80,203.00,0.94,0.40,0.42,2.32,1.04,1071,61.06,104.95,66.63,66.43,26.85,26.77,227.80,12.03,0.94,0.40,0.42,2.32,1.04,1071,61.06,104.95,66.63,66.43,26.85,26.77,227.80,12.03,0.97,0.43,0.44,2.25,1.02,534,64.42,104.95,68.79,64.43,29.68,27.80,238.80,12.65,1.03,0.47,0.46,2.19,0.97,326,62.27,106.00,63.70,62.72,30.04,29.58,261.80,11.76,48300.00,11.18,40.95,235.86,4.14
2025-11-10,Norman Powell,SF/SG,MIA,CLE,6400,29.07,5.07,28.09,4.39,,,Miami Heat,Cleveland Cavaliers,Norman Powell,7,0.27,34.70,47.60,29.90,475,7,0.27,34.70,47.60,29.90,475,4,0.29,29.00,47.50,29.10,262,3.00,0.30,30.50,49.30,29.30,203.00,1.16,0.73,0.51,1.59,0.70,1071,44.35,104.95,32.65,46.28,23.80,33.74,227.80,15.23,1.16,0.73,0.51,1.59,0.70,1071,44.35,104.95,32.65,46.28,23.80,33.74,227.80,15.23,1.00,0.61,0.44,1.63,0.73,534,49.06,104.95,37.34,47.45,22.80,28.97,238.80,12.14,1.04,0.62,0.45,1.68,0.73,326,62.27,106.00,48.09,48.91,29.75,30.26,261.80,11.65,48300.00,13.25,40.95,235.86,4.14
2025-11-10,Onyeka Okongwu,C/PF,ATL,LAC,6400,25.86,0.53,27.91,4.36,,,Atlanta Hawks,LA Clippers,Onyeka Okongwu,10,0.18,31.00,45.10,29.10,619,10,0.18,31.00,45.10,29.10,619,5,0.18,27.70,43.20,27.20,294,3.00,0.19,31.20,49.70,28.20,178.00,1.07,0.69,0.50,1.55,0.73,1020,60.69,99.31,43.91,40.08,30.18,27.55,220.80,14.04,1.07,0.69,0.50,1.55,0.73,1020,60.69,99.31,43.91,40.08,30.18,27.55,220.80,14.04,1.02,0.64,0.47,1.59,0.73,508,57.87,99.35,42.24,41.07,27.09,26.34,231.20,11.98,1.11,0.63,0.53,1.76,0.84,300,59.33,97.34,48.38,45.58,30.37,28.61,228.90,13.63,49200.00,13.01,18.84,214.27,25.73
2025-11-10,Moussa Diabate,C,CHA,LAL,4700,21.00,0.28,27.56,5.86,,,Charlotte Hornets,Los Angeles Lakers,Moussa Diabaté,9,0.16,24.60,30.20,20.10,390,9,0.16,24.60,30.20,20.10,390,5,0.17,27.30,29.60,20.10,206,3.00,0.15,29.50,30.00,20.60,130.00,1.22,0.81,0.57,1.50,0.70,927,42.07,102.16,29.95,31.55,24.40,25.70,185.70,13.25,1.22,0.81,0.57,1.50,0.70,927,42.07,102.16,29.95,31.55,24.40,25.70,185.70,13.25,1.36,0.92,0.66,1.47,0.72,502,41.04,100.70,29.69,30.93,27.38,28.52,195.80,13.94,1.43,0.98,0.68,1.46,0.69,305,42.62,101.16,29.85,30.58,29.35,30.07,222.10,13.28,43400.00,10.83,34.44,213.90,26.10
2025-11-10,Desmond Bane,SG/SF,ORL,POR,6200,31.63,15.73,27.55,4.44,Confirmed,,Orlando Magic,Portland Trail Blazers,Desmond Bane,10,0.21,26.00,51.30,30.40,651,10,0.21,26.00,51.30,30.40,651,5,0.18,25.00,45.40,28.40,299,3.00,0.17,28.80,47.00,31.30,197.00,0.86,0.51,0.40,1.69,0.79,1018,63.95,103.95,52.38,53.37,26.55,27.05,196.90,13.20,0.86,0.51,0.40,1.69,0.79,1018,63.95,103.95,52.38,53.37,26.55,27.05,196.90,13.20,0.88,0.55,0.42,1.60,0.76,497,60.16,102.95,47.02,50.56,25.89,27.84,200.40,12.48,0.92,0.61,0.44,1.50,0.72,294,67.01,102.83,49.32,47.49,30.22,29.10,186.50,15.44,44700.00,13.87,58.37,214.82,25.18
2025-11-10,Donovan Clingan,C,POR,ORL,5500,26.16,0.33,27.49,5.00,Confirmed,,Portland Trail Blazers,Orlando Magic,Donovan Clingan,9,0.12,28.30,32.60,24.20,489,9,0.12,28.30,32.60,24.20,489,5,0.11,25.30,31.00,23.10,260,3.00,0.12,23.60,26.00,21.20,145.00,1.17,0.87,0.52,1.35,0.60,952,51.37,103.95,32.04,35.24,27.81,30.59,209.20,13.53,1.17,0.87,0.52,1.35,0.60,952,51.37,103.95,32.04,35.24,27.81,30.59,209.20,13.53,1.10,0.82,0.49,1.34,0.60,531,48.96,102.95,30.05,35.10,24.53,28.65,213.10,11.87,1.11,0.91,0.49,1.23,0.54,322,45.03,102.83,24.91,32.08,22.61,29.12,215.40,10.96,41900.00,13.13,59.23,203.60,36.40
2025-11-10,Nikola Jovic,PF,MIA,CLE,5000,26.10,3.24,27.13,5.43,,,Miami Heat,Cleveland Cavaliers,Nikola Jović,10,0.19,21.50,41.10,22.20,508,10,0.19,21.50,41.10,22.20,508,5,0.21,25.00,42.40,23.10,262,3.00,0.24,31.20,45.30,23.50,160.00,0.97,0.52,0.42,1.85,0.81,1071,47.43,104.95,40.27,48.33,21.07,25.28,227.80,9.44,0.97,0.52,0.42,1.85,0.81,1071,47.43,104.95,40.27,48.33,21.07,25.28,227.80,9.44,1.08,0.59,0.48,1.84,0.81,534,49.06,104.95,41.67,47.92,24.57,28.25,238.80,10.47,1.33,0.69,0.58,1.93,0.85,326,49.08,106.00,44.19,50.32,30.43,34.66,261.80,11.92,48300.00,10.35,40.95,235.86,4.14
2025-11-10,De'Andre Hunter,SF/PF,CLE,MIA,5900,27.19,0.57,26.77,4.54,,,Cleveland Cavaliers,Miami Heat,De'Andre Hunter,7,0.26,29.80,51.00,28.20,424,7,0.26,29.80,51.00,28.20,424,4,0.26,32.50,55.00,29.00,255,2.00,0.26,27.40,48.00,25.60,112.00,1.06,0.58,0.49,1.81,0.84,1030,41.17,104.95,36.38,49.17,21.25,28.73,256.20,11.63,1.06,0.58,0.49,1.81,0.84,1030,41.17,104.95,36.38,49.17,21.25,28.73,256.20,11.63,1.12,0.59,0.51,1.90,0.86,517,49.32,104.95,44.66,51.56,26.39,30.47,280.10,11.60,1.07,0.57,0.49,1.88,0.86,312,35.90,106.00,32.62,50.98,18.62,29.10,261.50,10.48,53800.00,10.97,47.41,232.00,8.00
2025-11-10,Royce O'Neale,SF/PF,PHO,NO,5200,29.83,6.02,26.59,5.11,P,,Phoenix Suns,New Orleans Pelicans,Royce O'Neale,10,0.15,27.50,64.00,31.50,676,10,0.15,27.50,64.00,31.50,676,5,0.14,26.50,58.80,29.70,311,3.00,0.15,25.50,55.00,28.40,174.00,0.87,0.43,0.41,2.03,0.95,1013,66.73,99.86,63.09,60.61,27.11,26.04,217.10,12.67,0.87,0.43,0.41,2.03,0.95,1013,66.73,99.86,63.09,60.61,27.11,26.04,217.10,12.67,0.89,0.45,0.43,1.98,0.95,489,63.60,98.75,59.37,59.06,26.76,26.62,215.40,12.30,0.90,0.46,0.44,1.94,0.95,285,61.05,97.41,56.40,57.77,26.15,26.79,208.40,12.24,41600.00,12.50,49.79,203.69,36.31
2025-11-10,Jeremiah Fears,PG,NO,PHO,5400,27.35,7.28,26.23,4.86,,,New Orleans Pelicans,Phoenix Suns,Jeremiah Fears,9,0.25,24.30,58.80,25.90,478,9,0.25,24.30,58.80,25.90,478,5,0.27,27.00,59.00,25.80,267,3.00,0.28,23.70,58.30,24.80,154.00,0.94,0.41,0.46,2.27,1.11,906,52.76,99.86,58.33,62.09,24.11,25.66,184.60,13.16,0.94,0.41,0.46,2.27,1.11,906,52.76,99.86,58.33,62.09,24.11,25.66,184.60,13.16,1.05,0.46,0.51,2.29,1.10,501,53.29,98.75,58.15,62.54,26.61,28.62,200.20,13.49,0.96,0.41,0.46,2.35,1.14,301,51.16,97.41,56.60,64.29,23.01,26.13,226.60,10.46,47000.00,11.49,52.48,236.10,3.90
2025-11-10,Zaccharie Risacher,SF/PF,ATL,LAC,5400,26.64,0.16,26.22,4.86,,,Atlanta Hawks,LA Clippers,Zaccharie Risacher,8,0.20,22.30,29.50,24.80,436,8,0.20,22.30,29.50,24.80,436,5,0.22,27.60,33.60,25.90,279,3.00,0.23,30.80,36.30,27.70,180.00,0.90,0.76,0.41,1.19,0.54,1020,42.75,99.31,22.98,31.69,17.37,23.95,220.80,10.10,0.90,0.76,0.41,1.19,0.54,1020,42.75,99.31,22.98,31.69,17.37,23.95,220.80,10.10,1.07,0.82,0.49,1.30,0.60,508,54.92,99.35,32.86,34.56,26.99,28.39,231.20,11.94,1.11,0.85,0.51,1.31,0.60,300,60.00,97.34,35.33,34.91,29.98,29.62,228.90,13.46,49200.00,10.98,18.84,214.27,25.73
2025-11-10,Wendell Carter,C,ORL,POR,5300,29.59,4.87,26.13,4.93,Confirmed,,Orlando Magic,Portland Trail Blazers,Wendell Carter Jr.,10,0.16,25.60,40.30,28.90,614,10,0.16,25.60,40.30,28.90,614,5,0.18,27.40,43.00,29.60,307,3.00,0.18,22.80,39.30,31.00,192.00,0.89,0.64,0.42,1.39,0.66,1018,60.31,103.95,41.15,41.26,26.14,26.21,196.90,13.00,0.89,0.64,0.42,1.39,0.66,1018,60.31,103.95,41.15,41.26,26.14,26.21,196.90,13.00,0.93,0.64,0.45,1.45,0.70,497,61.77,102.95,44.54,42.98,28.38,27.39,200.40,13.67,0.74,0.58,0.36,1.27,0.61,294,65.31,102.83,41.24,37.51,23.92,21.76,186.50,12.23,44700.00,11.86,58.37,214.82,25.18
2025-11-10,Daniel Gafford,C,DAL,MIL,5600,31.30,0.04,26.04,4.65,Q,,Dallas Mavericks,Milwaukee Bucks,Daniel Gafford,5,0.14,21.10,22.20,19.60,206,5,0.14,21.10,22.20,19.60,206,5,0.14,21.10,22.20,19.60,206,3.00,0.15,17.90,21.70,18.60,115.00,1.08,0.95,0.51,1.13,0.54,1027,20.06,102.50,11.08,35.45,10.53,33.70,182.50,11.56,1.08,0.95,0.51,1.13,0.54,1027,20.06,102.50,11.08,35.45,10.53,33.70,182.50,11.56,1.08,0.95,0.51,1.13,0.54,506,40.71,101.25,22.21,35.45,21.11,33.70,199.30,10.59,0.96,0.82,0.47,1.17,0.57,302,38.08,101.00,21.77,36.52,17.96,30.12,199.40,8.98,43000.00,13.02,8.00,206.64,33.36
2025-11-10,Derik Queen,PF/C,NO,PHO,4900,19.43,0.73,25.89,5.28,,,New Orleans Pelicans,Phoenix Suns,Derik Queen,9,0.22,22.00,38.60,19.30,357,9,0.22,22.00,38.60,19.30,357,5,0.25,24.60,41.20,17.60,183,3.00,0.26,34.20,55.30,22.80,144.00,1.14,0.57,0.55,2.00,0.97,906,39.40,99.86,38.29,38.85,21.82,22.14,184.60,11.92,1.14,0.57,0.55,2.00,0.97,906,39.40,99.86,38.29,38.85,21.82,22.14,184.60,11.92,1.40,0.60,0.67,2.34,1.13,501,36.53,98.75,40.60,45.47,24.24,27.15,200.20,12.29,1.50,0.62,0.71,2.43,1.15,301,47.84,97.41,53.69,47.11,33.20,29.14,226.60,15.09,47000.00,10.43,52.48,236.10,3.90
2025-11-10,CJ McCollum,SG/PG,WAS,DET,5600,27.29,8.14,25.70,4.59,Confirmed,,Washington Wizards,Detroit Pistons,CJ McCollum,10,0.22,24.40,50.20,27.90,617,10,0.22,24.40,50.20,27.90,617,5,0.25,23.80,47.20,24.60,268,3.00,0.28,28.80,53.30,26.20,170.00,0.87,0.49,0.40,1.80,0.81,1054,58.54,102.56,48.85,49.10,23.74,23.87,207.50,11.76,0.87,0.49,0.40,1.80,0.81,1054,58.54,102.56,48.85,49.10,23.74,23.87,207.50,11.76,0.97,0.50,0.44,1.92,0.88,517,51.84,101.55,46.36,52.36,23.37,26.40,187.60,12.69,1.10,0.54,0.51,2.03,0.94,307,55.37,101.00,52.61,55.52,28.42,30.00,196.60,14.65,47500.00,11.79,45.22,228.16,11.84
2025-11-10,Collin Gillespie,PG,PHO,NO,5000,25.70,5.50,25.35,5.07,,,Phoenix Suns,New Orleans Pelicans,Collin Gillespie,10,0.18,26.70,55.40,24.90,514,10,0.18,26.70,55.40,24.90,514,5,0.18,24.70,54.60,24.40,244,3.00,0.19,21.90,51.30,24.40,141.00,1.07,0.48,0.52,2.22,1.08,1013,50.74,99.86,54.61,57.17,26.32,27.55,217.10,12.30,1.07,0.48,0.52,2.22,1.08,1013,50.74,99.86,54.61,57.17,26.32,27.55,217.10,12.30,1.01,0.45,0.51,2.24,1.12,489,49.90,98.75,55.13,57.50,24.94,26.01,215.40,11.47,0.90,0.43,0.47,2.10,1.09,285,49.47,97.41,52.60,54.03,22.46,23.06,208.40,10.51,41600.00,12.02,49.79,203.69,36.31
2025-11-10,Toumani Camara,SF/PF,POR,ORL,5500,32.78,14.35,25.29,4.60,Confirmed,,Portland Trail Blazers,Orlando Magic,Toumani Camara,9,0.16,26.20,56.10,33.70,666,9,0.16,26.20,56.10,33.70,666,5,0.18,27.70,59.80,34.50,379,3.00,0.17,24.40,61.30,36.90,248.00,0.78,0.47,0.35,1.66,0.76,952,69.96,103.95,55.13,54.56,25.75,25.48,209.20,12.52,0.78,0.47,0.35,1.66,0.76,952,69.96,103.95,55.13,54.56,25.75,25.48,209.20,12.52,0.80,0.46,0.37,1.73,0.79,531,71.37,102.95,57.97,56.81,26.85,26.32,213.10,13.00,0.66,0.40,0.30,1.66,0.74,322,77.02,102.83,58.73,54.45,23.38,21.67,215.40,11.33,41900.00,13.13,59.23,203.60,36.40
2025-11-10,Jake LaRavia,PF/SF,LAL,CHA,5700,24.25,0.05,25.19,4.42,,,Los Angeles Lakers,Charlotte Hornets,Jake LaRavia,10,0.15,26.20,50.10,29.70,638,10,0.15,26.20,50.10,29.70,638,5,0.16,31.60,54.80,31.00,339,3.00,0.15,25.90,57.00,32.40,209.00,0.88,0.52,0.41,1.69,0.79,1013,62.98,102.16,50.53,40.90,26.42,21.39,237.70,11.02,0.88,0.52,0.41,1.69,0.79,1013,62.98,102.16,50.53,40.90,26.42,21.39,237.70,11.02,1.02,0.58,0.47,1.77,0.81,505,67.13,100.70,54.64,42.86,31.51,24.72,226.00,13.98,0.80,0.45,0.37,1.76,0.82,300,69.67,101.16,57.66,42.66,26.20,19.38,230.60,11.23,47500.00,12.00,23.53,204.18,35.82
2025-11-10,Anthony Black,PG/SG,ORL,POR,5300,29.57,11.61,25.02,4.72,Confirmed,,Orlando Magic,Portland Trail Blazers,Anthony Black,10,0.19,22.00,48.50,26.20,549,10,0.19,22.00,48.50,26.20,549,5,0.17,24.00,48.40,26.80,280,3.00,0.16,22.90,48.70,26.20,157.00,0.84,0.45,0.40,1.85,0.88,1018,53.93,103.95,49.52,54.74,22.46,24.83,196.90,11.17,0.84,0.45,0.40,1.85,0.88,1018,53.93,103.95,49.52,54.74,22.46,24.83,196.90,11.17,0.90,0.50,0.43,1.81,0.86,497,56.34,102.95,50.13,53.41,24.86,26.48,200.40,11.98,0.87,0.47,0.44,1.86,0.93,294,53.40,102.83,51.10,54.97,24.03,25.85,186.50,12.28,44700.00,11.86,58.37,214.82,25.18
2025-11-10,Naji Marshall,SF/PF,DAL,MIL,5100,20.99,0.11,24.85,4.87,,,Dallas Mavericks,Milwaukee Bucks,Naji Marshall,10,0.15,22.00,33.90,24.50,538,10,0.15,22.00,33.90,24.50,538,5,0.19,27.50,37.60,25.30,276,3.00,0.21,35.50,43.30,27.30,176.00,0.90,0.65,0.41,1.38,0.63,1027,52.39,102.50,33.83,29.04,21.96,18.84,182.50,12.05,0.90,0.65,0.41,1.38,0.63,1027,52.39,102.50,33.83,29.04,21.96,18.84,182.50,12.05,1.09,0.73,0.50,1.49,0.68,506,54.55,101.25,37.62,31.19,27.51,22.81,199.30,13.80,1.30,0.82,0.61,1.59,0.74,302,58.28,101.00,43.44,33.29,35.62,27.29,199.40,17.80,43000.00,11.86,8.00,206.64,33.36
2025-11-10,Herbert Jones,SF/PF,NO,PHO,5200,33.17,17.50,24.63,4.74,,,New Orleans Pelicans,Phoenix Suns,Herbert Jones,9,0.15,22.00,49.70,30.10,564,9,0.15,22.00,49.70,30.10,564,5,0.12,25.30,50.00,32.70,344,3.00,0.13,26.70,57.00,36.30,229.00,0.73,0.44,0.35,1.65,0.79,906,62.25,99.86,49.30,54.77,21.82,24.24,184.60,11.92,0.73,0.44,0.35,1.65,0.79,906,62.25,99.86,49.30,54.77,21.82,24.24,184.60,11.92,0.77,0.51,0.37,1.53,0.73,501,68.66,98.75,49.28,50.72,24.93,25.66,200.20,12.64,0.74,0.47,0.35,1.57,0.75,301,76.08,97.41,55.34,52.08,25.92,24.40,226.60,11.78,47000.00,11.06,52.48,236.10,3.90
2025-11-10,Cole Anthony,PG/SG,MIL,DAL,4900,22.41,2.90,24.58,5.02,,,Milwaukee Bucks,Dallas Mavericks,Cole Anthony,9,0.23,24.80,48.20,20.50,404,9,0.23,24.80,48.20,20.50,404,5,0.23,21.90,48.00,20.10,221,3.00,0.23,25.90,53.30,21.50,143.00,1.21,0.51,0.55,2.35,1.07,1021,39.57,102.50,43.55,52.69,22.41,27.11,229.90,10.79,1.21,0.51,0.55,2.35,1.07,1021,39.57,102.50,43.55,52.69,22.41,27.11,229.90,10.79,1.09,0.46,0.50,2.39,1.09,506,43.68,101.25,48.02,53.51,21.91,24.42,219.90,9.96,1.20,0.49,0.54,2.48,1.12,304,47.04,101.00,53.12,55.55,25.81,26.99,223.00,11.61,50900.00,9.63,23.35,233.49,6.51
2025-11-10,Devin Vassell,SF/SG,SA,CHI,5400,32.40,15.63,24.42,4.52,,,San Antonio Spurs,Chicago Bulls,Devin Vassell,9,0.18,25.60,51.80,34.30,646,9,0.18,25.60,51.80,34.30,646,5,0.17,24.20,50.80,34.40,362,3.00,0.17,26.70,50.70,34.40,219.00,0.75,0.49,0.36,1.51,0.72,908,71.15,101.15,51.93,48.93,25.67,24.18,237.50,10.78,0.75,0.49,0.36,1.51,0.72,908,71.15,101.15,51.93,48.93,25.67,24.18,237.50,10.78,0.70,0.48,0.33,1.48,0.70,506,71.54,101.25,50.83,47.85,24.21,22.79,236.90,10.22,0.78,0.53,0.37,1.47,0.69,302,72.52,101.75,51.25,47.75,26.99,25.15,238.50,11.19,51000.00,10.59,35.13,218.81,21.19
2025-11-10,Max Christie,SF/SG,DAL,MIL,4900,29.13,0.25,24.06,4.91,,,Dallas Mavericks,Milwaukee Bucks,Max Christie,10,0.16,21.50,41.00,29.90,636,10,0.16,21.50,41.00,29.90,636,5,0.18,26.10,43.80,30.40,320,3.00,0.20,24.70,38.70,28.70,179.00,0.72,0.52,0.34,1.37,0.64,1027,61.93,102.50,40.92,39.94,21.46,20.95,182.50,11.78,0.72,0.52,0.34,1.37,0.64,1027,61.93,102.50,40.92,39.94,21.46,20.95,182.50,11.78,0.86,0.60,0.41,1.44,0.68,506,63.24,101.25,43.82,41.97,26.11,25.01,199.30,13.10,0.86,0.64,0.41,1.35,0.65,302,59.27,101.00,38.83,39.28,24.78,25.07,199.40,12.39,43000.00,11.40,8.00,206.64,33.36
2025-11-10,Jaylon Tyson,SF,CLE,MIA,5100,20.00,0.01,24.06,4.72,,,Cleveland Cavaliers,Miami Heat,Jaylon Tyson,10,0.15,23.00,32.40,25.30,536,10,0.15,23.00,32.40,25.30,536,5,0.16,30.10,35.80,28.20,294,3.00,0.12,30.70,31.70,27.60,173.00,0.91,0.71,0.43,1.28,0.60,1030,52.04,104.95,33.01,25.62,23.44,18.19,256.20,8.98,0.91,0.71,0.43,1.28,0.60,1030,52.04,104.95,33.01,25.62,23.44,18.19,256.20,8.98,1.07,0.84,0.51,1.27,0.61,517,56.87,104.95,36.34,25.39,30.55,21.35,280.10,10.75,1.11,0.97,0.53,1.15,0.55,312,55.45,106.00,32.31,22.98,31.29,22.25,261.50,11.74,53800.00,9.48,47.41,232.00,8.00
2025-11-10,Matas Buzelis,PF/SF,CHI,SA,5600,29.24,9.44,23.98,4.28,,,Chicago Bulls,San Antonio Spurs,Matas Buzelis,9,0.20,25.10,44.80,28.50,566,9,0.20,25.10,44.80,28.50,566,5,0.18,23.10,42.00,28.90,316,3.00,0.20,23.50,42.70,27.90,187.00,0.88,0.56,0.40,1.57,0.71,928,60.99,101.15,43.95,45.97,24.62,25.75,195.30,12.85,0.88,0.56,0.40,1.57,0.71,928,60.99,101.15,43.95,45.97,24.62,25.75,195.30,12.85,0.80,0.55,0.37,1.45,0.66,511,61.84,101.25,41.61,42.50,22.89,23.37,196.10,11.78,0.84,0.55,0.38,1.53,0.69,311,60.13,101.75,41.91,44.75,23.07,24.63,191.60,12.27,41000.00,13.66,73.61,214.85,25.15
2025-11-10,Pelle Larsson,SG,MIA,CLE,4400,29.17,2.07,23.83,5.42,,,Miami Heat,Cleveland Cavaliers,Pelle Larsson,10,0.16,17.30,30.80,20.10,451,10,0.16,17.30,30.80,20.10,451,5,0.16,23.70,38.80,25.50,284,3.00,0.15,22.20,40.70,25.90,182.00,0.86,0.56,0.38,1.53,0.68,1071,42.11,104.95,30.18,44.70,16.95,25.11,227.80,7.59,0.86,0.56,0.38,1.53,0.68,1071,42.11,104.95,30.18,44.70,16.95,25.11,227.80,7.59,0.93,0.61,0.42,1.52,0.68,534,53.18,104.95,38.13,44.38,23.29,27.11,238.80,9.92,0.86,0.55,0.37,1.57,0.67,326,55.83,106.00,39.70,45.84,21.66,25.00,261.80,8.48,48300.00,9.11,40.95,235.86,4.14
2025-11-10,Tre Mann,SG/PG,CHA,LAL,5400,24.22,0.99,23.63,4.38,,,Charlotte Hornets,Los Angeles Lakers,Tre Mann,9,0.26,20.30,50.10,22.40,428,9,0.26,20.30,50.10,22.40,428,5,0.29,23.90,57.40,24.00,246,3.00,0.28,27.80,65.30,27.30,171.00,0.91,0.41,0.43,2.24,1.05,927,46.17,102.16,49.69,54.18,20.13,21.95,185.70,10.93,0.91,0.41,0.43,2.24,1.05,927,46.17,102.16,49.69,54.18,20.13,21.95,185.70,10.93,1.00,0.42,0.49,2.39,1.17,502,49.00,100.70,57.57,57.93,23.97,24.12,195.80,12.21,1.02,0.43,0.49,2.39,1.15,305,56.07,101.16,64.97,57.94,27.66,24.67,222.10,12.52,43400.00,12.44,34.44,213.90,26.10
2025-11-10,Naz Reid,C/PF,MIN,UTA,5200,23.56,3.46,23.36,4.49,,,Minnesota Timberwolves,Utah Jazz,Naz Reid,10,0.21,23.80,47.80,23.10,495,10,0.21,23.80,47.80,23.10,495,5,0.20,23.70,47.80,23.20,246,3.00,0.17,21.30,42.70,23.30,152.00,1.03,0.50,0.48,2.07,0.97,1008,49.11,101.02,47.90,48.75,23.85,24.27,224.10,10.62,1.03,0.50,0.48,2.07,0.97,1008,49.11,101.02,47.90,48.75,23.85,24.27,224.10,10.62,1.02,0.50,0.48,2.06,0.97,507,48.52,101.25,47.73,48.54,23.66,24.07,235.30,10.07,0.91,0.50,0.42,1.83,0.84,309,49.19,102.09,42.32,43.18,21.11,21.54,221.10,9.63,48700.00,10.68,49.05,220.15,19.85
2025-11-10,Ronald Holland,PF/SF,DET,WAS,4600,31.49,30.84,23.13,5.03,Confirmed,,Detroit Pistons,Washington Wizards,Ronald Holland II,10,0.19,21.30,38.80,23.20,496,10,0.19,21.30,38.80,23.20,496,5,0.17,19.20,38.60,24.80,264,3.00,0.16,20.30,42.00,28.70,183.00,0.92,0.55,0.43,1.67,0.78,1009,49.16,102.56,39.44,52.66,21.65,28.91,170.70,12.48,0.92,0.55,0.43,1.67,0.78,1009,49.16,102.56,39.44,52.66,21.65,28.91,170.70,12.48,0.77,0.50,0.36,1.56,0.73,500,52.80,101.55,39.20,49.01,19.50,24.38,180.20,10.65,0.71,0.48,0.33,1.46,0.69,300,61.00,101.00,42.42,46.08,20.50,22.27,180.60,11.24,45400.00,10.13,110.72,226.75,13.25
2025-11-10,Ryan Dunn,PF/SF,PHO,NO,4700,23.40,0.15,23.11,4.92,,,Phoenix Suns,New Orleans Pelicans,Ryan Dunn,10,0.16,24.00,34.50,24.40,500,10,0.16,24.00,34.50,24.40,500,5,0.17,25.40,39.60,26.90,271,3.00,0.15,22.60,35.70,25.30,152.00,0.98,0.70,0.48,1.41,0.69,1013,49.36,99.86,34.01,33.08,23.66,23.01,217.10,11.05,0.98,0.70,0.48,1.41,0.69,1013,49.36,99.86,34.01,33.08,23.66,23.01,217.10,11.05,0.94,0.64,0.47,1.47,0.73,489,55.42,98.75,39.98,34.44,25.65,22.09,215.40,11.79,0.89,0.63,0.45,1.41,0.70,285,53.33,97.41,36.61,33.01,23.17,20.90,208.40,10.84,41600.00,11.30,49.79,203.69,36.31
2025-11-10,Jalen Smith,C,CHI,SA,4000,17.54,1.42,22.99,5.75,,,Chicago Bulls,San Antonio Spurs,Jalen Smith,9,0.22,18.90,30.70,15.40,300,9,0.22,18.90,30.70,15.40,300,5,0.20,24.30,34.00,17.10,182,3.00,0.23,23.50,37.30,17.40,113.00,1.23,0.62,0.57,1.99,0.92,928,32.33,101.15,30.12,34.97,18.54,21.53,195.30,9.68,1.23,0.62,0.57,1.99,0.92,928,32.33,101.15,30.12,34.97,18.54,21.53,195.30,9.68,1.42,0.71,0.67,1.99,0.93,511,35.62,101.25,33.68,34.88,24.07,24.93,196.10,12.39,1.35,0.63,0.62,2.14,0.99,311,36.33,101.75,36.61,37.60,23.07,23.69,191.60,12.27,41000.00,9.76,73.61,214.85,25.15
2025-11-10,Rui Hachimura,SF/PF,LAL,CHA,5100,33.13,0.27,22.70,4.45,Confirmed,,Los Angeles Lakers,Charlotte Hornets,Rui Hachimura,10,0.16,23.30,38.00,34.60,737,10,0.16,23.30,38.00,34.60,737,5,0.16,22.30,33.20,33.00,346,3.00,0.18,22.70,32.30,32.00,202.00,0.67,0.61,0.32,1.10,0.52,1013,72.75,102.16,38.32,36.39,23.50,22.31,237.70,9.80,0.67,0.61,0.32,1.10,0.52,1013,72.75,102.16,38.32,36.39,23.50,22.31,237.70,9.80,0.68,0.67,0.32,1.01,0.48,505,68.51,100.70,33.10,33.33,22.23,22.39,226.00,9.87,0.71,0.70,0.34,1.01,0.48,300,67.33,101.16,32.67,33.44,22.96,23.50,230.60,9.84,47500.00,10.74,23.53,204.18,35.82
2025-11-10,Marcus Smart,PG/SG,LAL,CHA,4800,28.43,0.49,22.68,4.72,Confirmed,,Los Angeles Lakers,Charlotte Hornets,Marcus Smart,8,0.16,20.50,47.00,27.80,481,8,0.16,20.50,47.00,27.80,481,5,0.17,25.10,54.20,29.60,314,3.00,0.19,23.80,59.30,28.80,186.00,0.74,0.44,0.34,1.69,0.78,1013,47.48,102.16,37.92,48.07,16.54,20.97,237.70,8.62,0.74,0.44,0.34,1.69,0.78,1013,47.48,102.16,37.92,48.07,16.54,20.97,237.70,8.62,0.85,0.46,0.40,1.83,0.86,505,62.18,100.70,54.04,52.07,25.03,24.11,226.00,11.11,0.83,0.40,0.38,2.06,0.96,300,62.00,101.16,59.99,58.55,24.08,23.50,230.60,10.32,47500.00,10.11,23.53,204.18,35.82
2025-11-10,Collin Sexton,SG/PG,CHA,LAL,5800,29.56,13.37,22.65,3.91,Confirmed,,Charlotte Hornets,Los Angeles Lakers,Collin Sexton,8,0.23,25.50,54.50,26.40,462,8,0.23,25.50,54.50,26.40,462,4,0.25,21.50,57.00,26.10,220,2.00,0.27,24.70,73.00,29.40,125.00,0.97,0.47,0.44,2.06,0.94,927,49.84,102.16,48.05,61.03,22.48,28.55,185.70,13.73,0.97,0.47,0.44,2.06,0.94,927,49.84,102.16,48.05,61.03,22.48,28.55,185.70,13.73,0.82,0.38,0.39,2.18,1.04,502,43.82,100.70,45.74,64.56,17.25,24.35,195.80,10.98,0.84,0.34,0.40,2.48,1.17,305,40.98,101.16,48.42,73.40,16.38,24.84,222.10,11.12,43400.00,13.36,34.44,213.90,26.10
2025-11-10,Nickeil Alexander-Walker,SG/PG,ATL,LAC,5700,30.03,0.92,22.48,3.94,Q,,Atlanta Hawks,LA Clippers,Nickeil Alexander-Walker,9,0.24,28.20,59.30,30.90,598,9,0.24,28.20,59.30,30.90,598,4,0.26,25.30,66.80,31.90,278,2.00,0.26,22.10,66.00,30.80,132.00,0.91,0.48,0.42,1.92,0.89,1020,58.63,99.31,51.96,57.63,24.71,27.40,220.80,12.77,0.91,0.48,0.42,1.92,0.89,1020,58.63,99.31,51.96,57.63,24.71,27.40,220.80,12.77,0.79,0.38,0.36,2.09,0.96,508,54.72,99.35,52.26,62.88,19.79,23.82,231.20,10.94,0.72,0.33,0.33,2.14,1.00,300,44.00,97.34,42.83,64.35,14.34,21.55,228.90,9.65,49200.00,11.59,18.84,214.27,25.73
2025-11-10,James Harden,PG/SG,LAC,ATL,8800,34.88,19.21,22.25,2.53,,,LA Clippers,Atlanta Hawks,James Harden,8,0.27,41.00,81.90,34.50,563,8,0.27,41.00,81.90,34.50,563,4,0.27,42.50,84.30,37.20,303,2.00,0.26,35.90,80.50,35.40,138.00,1.19,0.50,0.58,2.37,1.16,869,64.79,0.00,0.00,82.80,0.00,41.45,169.10,24.25,1.19,0.50,0.58,2.37,1.16,869,64.79,0.00,0.00,82.80,0.00,41.45,169.10,24.25,1.14,0.50,0.56,2.27,1.11,485,62.47,0.00,0.00,79.04,0.00,39.85,173.50,24.50,1.01,0.45,0.52,2.27,1.17,284,48.59,0.00,0.00,79.32,0.00,35.37,169.20,21.22,40500.00,21.73,57.66,200.86,39.14
2025-11-10,De'Aaron Fox,PG,SA,CHI,8000,30.92,5.00,21.95,2.74,,,San Antonio Spurs,Chicago Bulls,De'Aaron Fox,1,0.24,33.10,57.00,30.50,67,1,0.24,33.10,57.00,30.50,67,1,0.24,33.10,57.00,30.50,67,1.00,0.24,33.10,57.00,30.50,67.00,1.09,0.58,0.49,1.87,0.85,908,7.38,101.15,6.35,57.78,3.69,33.56,237.50,13.94,1.09,0.58,0.49,1.87,0.85,908,7.38,101.15,6.35,57.78,3.69,33.56,237.50,13.94,1.09,0.58,0.49,1.87,0.85,506,13.24,101.25,11.41,57.78,6.62,33.56,236.90,13.97,1.09,0.58,0.49,1.87,0.85,302,22.19,101.75,19.20,57.78,11.15,33.56,238.50,13.88,51000.00,15.69,35.13,218.81,21.19
2025-11-10,Harrison Barnes,PF/SF,SA,CHI,4100,26.98,0.62,21.92,5.35,,,San Antonio Spurs,Chicago Bulls,Harrison Barnes,9,0.14,20.70,35.30,30.50,564,9,0.14,20.70,35.30,30.50,564,5,0.14,24.10,37.20,30.50,315,3.00,0.14,26.00,39.30,31.50,196.00,0.68,0.59,0.33,1.16,0.56,908,62.11,101.15,35.39,31.22,20.75,18.31,237.50,8.72,0.68,0.59,0.33,1.16,0.56,908,62.11,101.15,35.39,31.22,20.75,18.31,237.50,8.72,0.79,0.65,0.38,1.22,0.59,506,62.25,101.25,37.22,32.90,24.11,21.32,236.90,10.17,0.83,0.66,0.40,1.25,0.60,302,64.90,101.75,39.72,33.66,26.28,22.27,238.50,10.90,51000.00,8.04,35.13,218.81,21.19
2025-11-10,Dru Smith,SG,MIA,CLE,4200,19.11,0.08,21.62,5.15,,,Miami Heat,Cleveland Cavaliers,Dru Smith,10,0.14,18.80,33.10,17.30,392,10,0.14,18.80,33.10,17.30,392,5,0.14,19.80,32.20,16.90,193,3.00,0.15,24.60,37.30,18.20,125.00,1.09,0.57,0.48,1.91,0.84,1071,36.60,104.95,32.44,36.56,18.42,20.76,227.80,8.25,1.09,0.57,0.48,1.91,0.84,1071,36.60,104.95,32.44,36.56,18.42,20.76,227.80,8.25,1.17,0.61,0.51,1.91,0.83,534,36.14,104.95,31.64,36.40,19.46,22.39,238.80,8.29,1.35,0.66,0.59,2.05,0.90,326,38.34,106.00,36.38,39.16,24.00,25.83,261.80,9.40,48300.00,8.70,40.95,235.86,4.14
2025-11-10,Julian Champagnie,SG/SF,SA,CHI,4200,22.65,0.45,21.55,5.13,,,San Antonio Spurs,Chicago Bulls,Julian Champagnie,9,0.14,23.10,40.60,29.50,566,9,0.14,23.10,40.60,29.50,566,5,0.17,24.60,46.00,29.90,320,3.00,0.21,27.80,50.70,30.00,193.00,0.78,0.57,0.37,1.38,0.65,908,62.33,101.15,40.71,31.18,23.16,17.74,237.50,9.73,0.78,0.57,0.37,1.38,0.65,908,62.33,101.15,40.71,31.18,23.16,17.74,237.50,9.73,0.82,0.53,0.38,1.54,0.72,506,63.24,101.25,46.02,34.85,24.61,18.64,236.90,10.38,0.93,0.55,0.43,1.69,0.79,302,63.91,101.75,51.25,38.28,28.10,20.99,238.50,11.66,51000.00,8.24,35.13,218.81,21.19
2025-11-10,Kyshawn George,SF/PF,WAS,DET,5900,29.97,12.80,21.46,3.64,Confirmed,,Washington Wizards,Detroit Pistons,Kyshawn George,9,0.21,32.10,67.40,30.50,603,9,0.21,32.10,67.40,30.50,603,4,0.21,21.00,58.50,28.00,240,2.00,0.19,15.40,58.00,28.60,120.00,1.05,0.48,0.48,2.21,1.01,1054,57.21,102.56,59.03,66.22,28.11,31.54,207.50,15.47,1.05,0.48,0.48,2.21,1.01,1054,57.21,102.56,59.03,66.22,28.11,31.54,207.50,15.47,0.75,0.36,0.35,2.09,0.97,517,46.42,101.55,45.96,62.61,16.50,22.48,187.60,11.19,0.54,0.27,0.26,2.03,0.97,307,39.09,101.00,38.16,60.77,10.13,16.14,196.60,7.83,47500.00,12.42,45.22,228.16,11.84
2025-11-10,D'Angelo Russell,PG,DAL,MIL,5600,23.17,0.04,21.46,3.83,,,Dallas Mavericks,Milwaukee Bucks,D'Angelo Russell,10,0.28,22.80,57.10,21.60,460,10,0.28,22.80,57.10,21.60,460,5,0.27,22.40,59.00,22.60,239,3.00,0.26,13.80,45.00,18.10,114.00,1.06,0.40,0.50,2.64,1.24,1027,44.79,102.50,56.99,61.25,22.76,24.46,182.50,12.49,1.06,0.40,0.50,2.64,1.24,1027,44.79,102.50,56.99,61.25,22.76,24.46,182.50,12.49,0.99,0.38,0.47,2.61,1.23,506,47.23,101.25,59.03,60.48,22.41,22.96,199.30,11.24,0.76,0.31,0.36,2.49,1.18,302,37.75,101.00,45.15,57.60,13.85,17.66,199.40,6.92,43000.00,13.02,8.00,206.64,33.36
2025-11-10,Ayo Dosunmu,SG,CHI,SA,4900,27.60,25.28,21.43,4.37,,,Chicago Bulls,San Antonio Spurs,Ayo Dosunmu,7,0.19,22.50,44.90,24.80,371,7,0.19,22.50,44.90,24.80,371,3,0.20,25.60,46.70,24.10,153,2.00,0.20,17.30,39.00,21.40,92.00,0.91,0.50,0.42,1.81,0.85,928,39.98,101.15,34.26,49.98,17.17,25.04,195.30,11.52,0.91,0.50,0.42,1.81,0.85,928,39.98,101.15,34.26,49.98,17.17,25.04,195.30,11.52,1.06,0.55,0.50,1.94,0.92,511,29.94,101.25,27.76,53.49,15.22,29.32,196.10,13.05,0.81,0.44,0.38,1.82,0.85,311,29.58,101.75,25.52,50.31,11.32,22.32,191.60,9.03,41000.00,11.95,73.61,214.85,25.15
2025-11-10,Saddiq Bey,SF/PF,NO,PHO,4600,28.31,9.47,21.27,4.62,,,New Orleans Pelicans,Phoenix Suns,Saddiq Bey,9,0.16,19.30,33.40,25.30,483,9,0.16,19.30,33.40,25.30,483,5,0.16,18.80,34.00,25.40,265,3.00,0.18,25.50,42.70,28.70,180.00,0.76,0.58,0.36,1.32,0.62,906,53.31,99.86,33.13,37.37,19.15,21.60,184.60,10.46,0.76,0.58,0.36,1.32,0.62,906,53.31,99.86,33.13,37.37,19.15,21.60,184.60,10.46,0.74,0.55,0.35,1.34,0.64,501,52.89,98.75,33.51,37.89,18.53,20.95,200.20,9.39,0.89,0.60,0.42,1.49,0.71,301,59.80,97.41,41.46,42.12,24.76,25.15,226.60,11.25,47000.00,9.79,52.48,236.10,3.90
2025-11-10,Ivica Zubac,C,LAC,ATL,7200,31.65,8.10,21.19,2.94,,,LA Clippers,Atlanta Hawks,Ivica Zubac,9,0.20,33.70,53.40,29.50,544,9,0.20,33.70,53.40,29.50,544,5,0.19,36.70,55.00,31.00,316,3.00,0.23,35.90,57.30,29.30,176.00,1.14,0.63,0.56,1.81,0.88,869,62.60,0.00,0.00,57.30,0.00,36.16,169.10,19.93,1.14,0.63,0.56,1.81,0.88,869,62.60,0.00,0.00,57.30,0.00,36.16,169.10,19.93,1.18,0.67,0.58,1.77,0.87,485,65.15,0.00,0.00,56.16,0.00,37.47,173.50,21.15,1.23,0.63,0.61,1.96,0.98,284,61.97,0.00,0.00,61.90,0.00,38.78,169.20,21.22,40500.00,17.78,57.66,200.86,39.14
2025-11-10,Duncan Robinson,SG/SF,DET,WAS,4100,32.68,13.80,21.09,5.14,Confirmed,,Detroit Pistons,Washington Wizards,Duncan Robinson,10,0.12,19.30,36.20,32.00,676,10,0.12,19.30,36.20,32.00,676,5,0.14,21.30,37.80,32.80,342,3.00,0.14,21.10,33.70,29.90,186.00,0.60,0.53,0.29,1.13,0.54,1009,67.00,102.56,36.80,36.96,19.62,19.71,170.70,11.31,0.60,0.53,0.29,1.13,0.54,1009,67.00,102.56,36.80,36.96,19.62,19.71,170.70,11.31,0.65,0.56,0.31,1.15,0.55,500,68.40,101.55,38.39,37.66,21.63,21.22,180.20,11.82,0.71,0.63,0.34,1.13,0.54,300,62.00,101.00,34.04,36.83,21.31,23.06,180.60,11.68,45400.00,9.03,110.72,226.75,13.25
2025-11-10,Kyle Kuzma,SF/PF,MIL,DAL,4800,25.06,0.64,20.98,4.37,,,Milwaukee Bucks,Dallas Mavericks,Kyle Kuzma,9,0.19,21.30,37.20,24.30,474,9,0.19,21.30,37.20,24.30,474,5,0.20,21.60,35.00,24.50,263,3.00,0.16,20.80,38.30,28.20,184.00,0.88,0.57,0.40,1.53,0.71,1021,46.43,102.50,33.61,38.37,19.25,21.97,229.90,9.26,0.88,0.57,0.40,1.53,0.71,1021,46.43,102.50,33.61,38.37,19.25,21.97,229.90,9.26,0.88,0.62,0.41,1.43,0.67,506,51.98,101.25,35.02,35.80,21.61,22.09,219.90,9.82,0.74,0.54,0.34,1.36,0.62,304,60.53,101.00,38.17,34.04,20.73,18.48,223.00,9.33,50900.00,9.43,23.35,233.49,6.51
2025-11-10,Dillon Brooks,SF/SG,PHO,NO,5300,29.02,3.27,20.84,3.93,,,Phoenix Suns,New Orleans Pelicans,Dillon Brooks,4,0.27,32.90,49.30,29.80,250,4,0.27,32.90,49.30,29.80,250,1,0.16,27.90,30.00,27.70,55,1.00,0.16,27.90,30.00,27.70,55.00,1.10,0.67,0.53,1.65,0.79,1013,24.68,99.86,19.44,48.01,12.97,32.04,217.10,15.15,1.10,0.67,0.53,1.65,0.79,1013,24.68,99.86,19.44,48.01,12.97,32.04,217.10,15.15,1.01,0.93,0.51,1.08,0.55,489,11.25,98.75,6.06,31.43,5.63,29.23,215.40,12.95,1.01,0.93,0.51,1.08,0.55,285,19.30,97.41,10.25,31.43,9.54,29.23,208.40,13.39,41600.00,12.74,49.79,203.69,36.31
2025-11-10,Keldon Johnson,SF/PF,SA,CHI,4500,19.34,0.20,20.57,4.57,,,San Antonio Spurs,Chicago Bulls,Keldon Johnson,9,0.16,22.80,38.80,23.90,453,9,0.16,22.80,38.80,23.90,453,5,0.18,22.40,40.20,23.70,256,3.00,0.15,24.20,38.30,23.60,152.00,0.95,0.59,0.45,1.62,0.77,908,49.89,101.15,38.90,31.39,22.86,18.45,237.50,9.60,0.95,0.59,0.45,1.62,0.77,908,49.89,101.15,38.90,31.39,22.86,18.45,237.50,9.60,0.95,0.56,0.44,1.70,0.79,506,50.59,101.25,40.22,32.80,22.41,18.28,236.90,9.46,1.03,0.63,0.48,1.62,0.76,302,50.33,101.75,38.71,31.38,24.46,19.83,238.50,10.15,51000.00,8.82,35.13,218.81,21.19
2025-11-10,Tristan da Silva,PF,ORL,POR,3900,21.63,1.01,20.28,5.20,,,Orlando Magic,Portland Trail Blazers,Tristan da Silva,10,0.19,19.40,29.70,21.20,454,10,0.19,19.40,29.70,21.20,454,5,0.20,20.20,30.20,22.10,228,3.00,0.21,20.70,29.70,22.00,131.00,0.92,0.65,0.43,1.40,0.65,1018,44.60,103.95,30.33,30.30,19.81,19.79,196.90,9.85,0.92,0.65,0.43,1.40,0.65,1018,44.60,103.95,30.33,30.30,19.81,19.79,196.90,9.85,0.91,0.67,0.44,1.37,0.66,497,45.88,102.95,31.28,29.56,20.92,19.77,200.40,10.08,0.94,0.70,0.47,1.35,0.68,294,44.56,102.83,31.16,29.20,21.72,20.35,186.50,11.10,44700.00,8.72,58.37,214.82,25.18
2025-11-10,Isaac Okoro,SF,CHI,SA,4200,26.13,0.16,20.22,4.81,,,Chicago Bulls,San Antonio Spurs,Isaac Okoro,9,0.15,16.00,25.20,24.10,460,9,0.15,16.00,25.20,24.10,460,5,0.16,19.20,25.40,24.00,247,3.00,0.15,26.00,27.70,27.40,167.00,0.66,0.63,0.31,1.05,0.49,928,49.57,101.15,24.72,27.32,15.70,17.35,195.30,8.19,0.66,0.63,0.31,1.05,0.49,928,49.57,101.15,24.72,27.32,15.70,17.35,195.30,8.19,0.80,0.76,0.39,1.06,0.51,511,48.34,101.25,25.16,27.65,19.02,20.90,196.10,9.79,0.95,0.94,0.47,1.01,0.50,311,53.70,101.75,27.19,26.41,25.52,24.79,191.60,13.57,41000.00,10.24,73.61,214.85,25.15
2025-11-10,Brandon Williams,PG,DAL,MIL,4300,18.28,0.07,19.90,4.63,,,Dallas Mavericks,Milwaukee Bucks,Brandon Williams,8,0.24,17.80,40.30,16.50,291,8,0.24,17.80,40.30,16.50,291,5,0.25,20.00,44.40,18.30,200,3.00,0.24,25.60,51.70,22.10,144.00,1.08,0.44,0.49,2.44,1.11,1027,28.33,102.50,32.18,44.64,14.21,19.72,182.50,9.75,1.08,0.44,0.49,2.44,1.11,1027,28.33,102.50,32.18,44.64,14.21,19.72,182.50,9.75,1.09,0.45,0.50,2.43,1.11,506,39.53,101.25,44.42,44.34,20.01,19.97,199.30,10.04,1.16,0.50,0.53,2.34,1.08,302,47.68,101.00,51.87,42.76,25.68,21.17,199.40,12.84,43000.00,10.00,8.00,206.64,33.36
2025-11-10,Darius Garland,PG,CLE,MIA,6300,29.33,16.89,19.84,3.15,,,Cleveland Cavaliers,Miami Heat,Darius Garland,2,0.23,25.20,57.50,27.20,118,2,0.23,25.20,57.50,27.20,118,2,0.23,25.20,57.50,27.20,118,2.00,0.23,25.20,57.50,27.20,118.00,0.93,0.44,0.43,2.11,0.97,1030,11.46,104.95,11.72,62.01,5.14,27.18,256.20,9.84,0.93,0.44,0.43,2.11,0.97,1030,11.46,104.95,11.72,62.01,5.14,27.18,256.20,9.84,0.93,0.44,0.43,2.11,0.97,517,22.82,104.95,23.34,62.01,10.23,27.18,280.10,9.00,0.93,0.44,0.43,2.11,0.97,312,37.82,106.00,39.07,62.01,17.12,27.18,261.50,9.64,53800.00,11.71,47.41,232.00,8.00
2025-11-10,Jose Alvarado,PG,NO,PHO,4300,20.48,0.25,19.66,4.57,,,New Orleans Pelicans,Phoenix Suns,Jose Alvarado,8,0.13,15.70,36.60,17.90,303,8,0.13,15.70,36.60,17.90,303,5,0.13,20.10,42.80,20.80,220,3.00,0.15,26.00,51.00,23.20,150.00,0.88,0.43,0.41,2.04,0.97,906,33.44,99.86,32.27,41.87,13.84,17.96,184.60,8.50,0.88,0.43,0.41,2.04,0.97,906,33.44,99.86,32.27,41.87,13.84,17.96,184.60,8.50,0.97,0.47,0.46,2.06,0.97,501,43.91,98.75,42.18,42.14,19.81,19.79,200.20,10.04,1.12,0.51,0.52,2.20,1.02,301,49.83,97.41,49.51,45.01,25.24,22.95,226.60,11.47,47000.00,9.15,52.48,236.10,3.90
2025-11-10,Bobby Portis,PF/C,MIL,DAL,4500,22.44,1.48,19.15,4.25,,,Milwaukee Bucks,Dallas Mavericks,Bobby Portis,10,0.21,17.50,36.30,19.80,425,10,0.21,17.50,36.30,19.80,425,5,0.17,18.20,35.60,20.40,223,3.00,0.14,18.70,33.70,21.10,139.00,0.88,0.48,0.41,1.83,0.85,1021,41.63,102.50,36.44,41.15,17.57,19.84,229.90,7.61,0.88,0.48,0.41,1.83,0.85,1021,41.63,102.50,36.44,41.15,17.57,19.84,229.90,7.61,0.89,0.51,0.41,1.75,0.80,506,44.07,101.25,35.62,39.17,18.21,20.02,219.90,8.28,0.89,0.55,0.40,1.60,0.73,304,45.72,101.00,33.59,35.85,18.64,19.89,223.00,8.39,50900.00,8.84,23.35,233.49,6.51
2025-11-10,Mouhamed Gueye,PF/C,ATL,LAC,4900,17.78,0.03,18.76,3.83,,,Atlanta Hawks,LA Clippers,Mouhamed Gueye,10,0.16,17.50,20.70,17.70,376,10,0.16,17.50,20.70,17.70,376,5,0.14,19.20,23.20,19.10,205,3.00,0.14,25.50,30.00,23.70,153.00,0.99,0.85,0.47,1.17,0.55,1020,36.86,99.31,20.15,20.80,17.04,17.58,220.80,7.93,0.99,0.85,0.47,1.17,0.55,1020,36.86,99.31,20.15,20.80,17.04,17.58,220.80,7.93,1.01,0.83,0.47,1.21,0.57,508,40.35,99.35,22.69,21.60,18.77,17.88,231.20,8.30,1.08,0.85,0.50,1.27,0.59,300,51.00,97.34,29.20,22.51,24.82,19.13,228.90,11.14,49200.00,9.96,18.84,214.27,25.73
2025-11-10,Kyle Filipowski,PF/C,UTA,MIN,4500,20.03,0.16,18.32,4.07,,,Utah Jazz,Minnesota Timberwolves,Kyle Filipowski,9,0.18,17.30,33.30,19.20,365,9,0.18,17.30,33.30,19.20,365,5,0.20,15.90,30.80,17.40,191,3.00,0.20,21.50,39.30,20.40,131.00,0.90,0.52,0.43,1.73,0.82,925,39.46,101.02,32.73,34.75,17.00,18.05,172.90,10.01,0.90,0.52,0.43,1.73,0.82,925,39.46,101.02,32.73,34.75,17.00,18.05,172.90,10.01,0.91,0.52,0.42,1.77,0.81,506,37.75,101.25,30.82,35.46,15.91,18.31,164.70,9.65,1.05,0.55,0.49,1.93,0.90,304,43.09,102.09,39.59,38.59,21.66,21.11,171.60,12.53,40900.00,11.00,27.51,196.29,43.71
2025-11-10,Goga Bitadze,C,ORL,POR,3900,16.75,0.09,18.13,4.65,,,Orlando Magic,Portland Trail Blazers,Goga Bitadze,10,0.10,18.50,20.50,16.90,367,10,0.10,18.50,20.50,16.90,367,5,0.10,17.80,18.80,15.30,163,3.00,0.07,14.10,18.00,14.40,87.00,1.09,0.90,0.50,1.21,0.56,1018,36.05,103.95,20.93,20.32,18.89,18.34,196.90,9.40,1.09,0.90,0.50,1.21,0.56,1018,36.05,103.95,20.93,20.32,18.89,18.34,196.90,9.40,1.16,0.95,0.55,1.23,0.58,497,32.80,102.95,19.47,20.59,18.44,19.49,200.40,8.88,0.98,0.78,0.49,1.25,0.62,294,29.59,102.83,18.89,20.94,14.79,16.40,186.50,7.56,44700.00,8.72,58.37,214.82,25.18
2025-11-10,Tre Johnson,SG/PG,WAS,DET,4200,27.29,12.92,18.02,4.29,Confirmed,,Washington Wizards,Detroit Pistons,Tre Johnson,10,0.20,19.50,31.40,25.90,580,10,0.20,19.50,31.40,25.90,580,5,0.20,16.90,28.20,25.00,276,3.00,0.20,16.20,29.30,26.40,172.00,0.75,0.62,0.34,1.21,0.54,1054,55.03,102.56,30.55,33.08,18.97,20.55,207.50,9.40,0.75,0.62,0.34,1.21,0.54,1054,55.03,102.56,30.55,33.08,18.97,20.55,207.50,9.40,0.68,0.60,0.31,1.13,0.51,517,53.38,101.55,27.70,30.78,16.60,18.45,187.60,9.01,0.61,0.55,0.28,1.11,0.51,307,56.03,101.00,28.92,30.29,15.99,16.74,196.60,8.24,47500.00,8.84,45.22,228.16,11.84
2025-11-10,Marvin Bagley,C,WAS,DET,3900,16.82,0.12,18.01,4.62,,,Washington Wizards,Detroit Pistons,Marvin Bagley III,10,0.16,15.90,22.70,14.50,333,10,0.16,15.90,22.70,14.50,333,5,0.18,16.70,23.00,14.20,161,3.00,0.21,16.60,23.70,13.90,94.00,1.10,0.70,0.48,1.57,0.68,1054,31.59,102.56,22.09,26.34,15.47,18.45,207.50,7.66,1.10,0.70,0.48,1.57,0.68,1054,31.59,102.56,22.09,26.34,15.47,18.45,207.50,7.66,1.18,0.73,0.52,1.62,0.71,517,31.14,101.55,22.59,27.25,16.40,19.79,187.60,8.90,1.19,0.70,0.53,1.71,0.76,307,30.62,101.00,23.39,28.69,16.38,20.09,196.60,8.44,47500.00,8.21,45.22,228.16,11.84
2025-11-10,Patrick Williams,PF/SF,CHI,SA,3900,23.49,0.93,17.40,4.46,P,,Chicago Bulls,San Antonio Spurs,Patrick Williams,9,0.14,18.20,34.30,22.70,439,9,0.14,18.20,34.30,22.70,439,5,0.14,17.70,33.80,23.40,246,3.00,0.11,15.30,32.70,22.50,146.00,0.80,0.53,0.37,1.51,0.70,928,47.31,101.15,33.65,35.50,17.85,18.84,195.30,9.32,0.80,0.53,0.37,1.51,0.70,928,47.31,101.15,33.65,35.50,17.85,18.84,195.30,9.32,0.76,0.52,0.36,1.44,0.69,511,48.14,101.25,33.49,33.94,17.54,17.77,196.10,9.03,0.68,0.47,0.31,1.45,0.67,311,46.95,101.75,32.10,34.15,15.02,15.98,191.60,7.99,41000.00,9.51,73.61,214.85,25.15
2025-11-10,Jarred Vanderbilt,C/PF,LAL,CHA,4100,16.34,0.04,17.19,4.19,,,Los Angeles Lakers,Charlotte Hornets,Jarred Vanderbilt,10,0.13,19.30,31.10,20.30,437,10,0.13,19.30,31.10,20.30,437,5,0.11,17.50,29.00,18.00,194,3.00,0.12,21.50,34.70,22.30,140.00,0.95,0.62,0.44,1.53,0.71,1013,43.14,102.16,31.36,25.04,19.46,15.54,237.70,8.12,0.95,0.62,0.44,1.53,0.71,1013,43.14,102.16,31.36,25.04,19.46,15.54,237.70,8.12,0.97,0.60,0.45,1.61,0.75,505,38.42,100.70,28.91,26.33,17.45,15.89,226.00,7.74,0.96,0.62,0.46,1.56,0.74,300,46.67,101.16,35.10,25.43,21.75,15.76,230.60,9.32,47500.00,8.63,23.53,204.18,35.82
2025-11-10,Javonte Green,SF,DET,WAS,3800,28.95,24.26,17.15,4.51,Confirmed,,Detroit Pistons,Washington Wizards,Javonte Green,10,0.13,13.50,27.10,18.70,405,10,0.13,13.50,27.10,18.70,405,5,0.12,15.00,28.60,21.20,229,3.00,0.12,12.60,31.30,23.60,150.00,0.72,0.50,0.33,1.45,0.67,1009,40.14,102.56,27.55,41.95,13.72,20.90,170.70,7.91,0.72,0.50,0.33,1.45,0.67,1009,40.14,102.56,27.55,41.95,13.72,20.90,170.70,7.91,0.71,0.52,0.33,1.35,0.62,500,45.80,101.55,29.04,39.05,15.23,20.48,180.20,8.32,0.53,0.40,0.25,1.33,0.63,300,50.00,101.00,31.61,38.39,12.73,15.46,180.60,6.98,45400.00,8.37,110.72,226.75,13.25
2025-11-10,Sion James,SF/SG,CHA,LAL,3900,29.30,2.58,17.05,4.37,Confirmed,,Charlotte Hornets,Los Angeles Lakers,Sion James,9,0.10,16.40,33.10,25.20,484,9,0.10,16.40,33.10,25.20,484,5,0.11,16.20,39.40,29.60,310,3.00,0.12,18.50,40.00,31.00,199.00,0.65,0.50,0.30,1.31,0.62,927,52.21,102.16,32.83,38.49,16.27,19.07,185.70,8.83,0.65,0.50,0.30,1.31,0.62,927,52.21,102.16,32.83,38.49,16.27,19.07,185.70,8.83,0.55,0.41,0.26,1.33,0.64,502,61.75,100.70,39.52,39.00,16.25,16.04,195.80,8.27,0.60,0.46,0.28,1.29,0.60,305,65.25,101.16,39.80,37.81,18.41,17.49,222.10,8.33,43400.00,8.99,34.44,213.90,26.10
2025-11-10,AJ Green,SG,MIL,DAL,3900,27.46,0.11,16.98,4.35,,,Milwaukee Bucks,Dallas Mavericks,AJ Green,10,0.13,16.70,44.80,27.70,596,10,0.13,16.70,44.80,27.70,596,5,0.13,17.70,43.20,27.40,289,3.00,0.11,15.40,40.00,25.90,165.00,0.60,0.37,0.28,1.62,0.75,1021,58.37,102.50,44.98,44.41,16.77,16.56,229.90,7.26,0.60,0.37,0.28,1.62,0.75,1021,58.37,102.50,44.98,44.41,16.77,16.56,229.90,7.26,0.65,0.41,0.31,1.58,0.75,506,57.11,101.25,43.22,43.30,17.71,17.74,219.90,8.05,0.59,0.39,0.28,1.54,0.73,304,54.28,101.00,39.87,42.41,15.35,16.33,223.00,6.91,50900.00,7.66,23.35,233.49,6.51
2025-11-10,Gary Trent,SG/SF,MIL,DAL,4200,28.15,1.00,16.84,4.01,,,Milwaukee Bucks,Dallas Mavericks,Gary Trent Jr.,10,0.16,20.30,28.10,28.20,608,10,0.16,20.30,28.10,28.20,608,5,0.13,15.70,23.40,27.80,296,3.00,0.12,13.30,22.30,24.50,154.00,0.72,0.72,0.33,1.00,0.46,1021,59.55,102.50,28.21,28.05,20.38,20.26,229.90,8.83,0.72,0.72,0.33,1.00,0.46,1021,59.55,102.50,28.21,28.05,20.38,20.26,229.90,8.83,0.56,0.67,0.27,0.84,0.40,506,58.50,101.25,23.41,23.69,15.71,15.90,219.90,7.14,0.54,0.60,0.26,0.91,0.43,304,50.66,101.00,22.23,25.62,13.26,15.28,223.00,5.96,50900.00,8.25,23.35,233.49,6.51
2025-11-10,Sam Merrill,SF/SG,CLE,MIA,4300,22.01,0.12,16.44,3.82,,,Cleveland Cavaliers,Miami Heat,Sam Merrill,7,0.16,22.10,38.00,25.10,390,7,0.16,22.10,38.00,25.10,390,3,0.13,18.90,31.70,24.20,160,3.00,0.13,18.90,31.70,24.20,160.00,0.88,0.58,0.40,1.51,0.68,1030,37.86,104.95,27.10,33.32,15.76,19.38,256.20,8.63,0.88,0.58,0.40,1.51,0.68,1030,37.86,104.95,27.10,33.32,15.76,19.38,256.20,8.63,0.78,0.60,0.35,1.31,0.59,517,30.95,104.95,19.31,28.83,11.51,17.19,280.10,6.75,0.78,0.60,0.35,1.31,0.59,312,51.28,106.00,32.31,28.83,19.26,17.19,261.50,7.23,53800.00,7.99,47.41,232.00,8.00
2025-11-10,Mike Conley,PG,MIN,UTA,3900,19.80,0.12,16.41,4.21,,,Minnesota Timberwolves,Utah Jazz,Mike Conley,10,0.12,16.90,44.20,20.60,444,10,0.12,16.90,44.20,20.60,444,5,0.10,17.60,43.40,21.10,232,3.00,0.07,14.10,35.00,17.50,119.00,0.82,0.38,0.38,2.15,1.00,1008,44.05,101.02,44.30,42.48,16.94,16.24,224.10,7.54,0.82,0.38,0.38,2.15,1.00,1008,44.05,101.02,44.30,42.48,16.94,16.24,224.10,7.54,0.83,0.41,0.38,2.06,0.94,507,45.76,101.25,43.34,40.72,17.57,16.51,235.30,7.48,0.81,0.40,0.36,2.00,0.88,309,38.51,102.09,34.69,39.59,13.98,15.95,221.10,6.38,48700.00,8.01,49.05,220.15,19.85
2025-11-10,Svi Mykhailiuk,SG,UTA,MIN,3900,24.20,0.09,16.22,4.16,,,Utah Jazz,Minnesota Timberwolves,Svi Mykhailiuk,9,0.12,16.80,34.80,27.10,516,9,0.12,16.80,34.80,27.10,516,5,0.13,15.80,34.40,27.10,288,3.00,0.17,21.20,36.00,27.80,180.00,0.62,0.48,0.29,1.28,0.61,925,55.78,101.02,34.20,31.07,16.51,15.00,172.90,9.72,0.62,0.48,0.29,1.28,0.61,925,55.78,101.02,34.20,31.07,16.51,15.00,172.90,9.72,0.58,0.46,0.27,1.27,0.60,506,56.92,101.25,34.42,30.72,15.81,14.11,164.70,9.59,0.76,0.59,0.35,1.29,0.60,304,59.21,102.09,36.27,31.33,21.36,18.45,171.60,12.35,40900.00,9.54,27.51,196.29,43.71
2025-11-10,Paul Reed,C,DET,WAS,3800,16.67,0.23,15.96,4.20,,,Detroit Pistons,Washington Wizards,Paul Reed,8,0.17,11.20,14.90,9.00,157,8,0.17,11.20,14.90,9.00,157,4,0.11,11.60,15.30,9.50,85,3.00,0.12,13.10,17.00,11.00,73.00,1.24,0.75,0.57,1.66,0.76,1009,15.56,102.56,12.12,27.60,9.11,20.75,170.70,6.56,1.24,0.75,0.57,1.66,0.76,1009,15.56,102.56,12.12,27.60,9.11,20.75,170.70,6.56,1.22,0.76,0.55,1.61,0.72,500,17.00,101.55,12.43,26.85,9.42,20.36,180.20,6.44,1.19,0.77,0.54,1.55,0.70,300,24.33,101.00,17.17,25.77,13.23,19.85,180.60,7.25,45400.00,8.37,110.72,226.75,13.25
2025-11-10,Lonzo Ball,PG,CLE,MIA,3900,22.60,3.76,15.41,3.95,,,Cleveland Cavaliers,Miami Heat,Lonzo Ball,8,0.13,18.30,60.10,23.90,425,8,0.13,18.30,60.10,23.90,425,4,0.12,18.10,59.80,24.40,214,2.00,0.07,15.50,54.00,22.50,99.00,0.77,0.30,0.34,2.51,1.13,1030,41.26,104.95,48.99,56.84,14.92,17.31,256.20,7.14,0.77,0.30,0.34,2.51,1.13,1030,41.26,104.95,48.99,56.84,14.92,17.31,256.20,7.14,0.74,0.30,0.34,2.45,1.12,517,41.39,104.95,48.56,55.40,14.70,16.77,280.10,6.46,0.69,0.29,0.31,2.40,1.09,312,31.73,106.00,36.69,54.25,10.53,15.57,261.50,5.93,53800.00,7.25,47.41,232.00,8.00
2025-11-10,Bub Carrington,PG,WAS,DET,4000,22.33,0.94,15.37,3.84,,,Washington Wizards,Detroit Pistons,Bub Carrington,10,0.14,17.90,54.80,27.50,604,10,0.14,17.90,54.80,27.50,604,5,0.15,16.70,58.20,26.80,295,3.00,0.15,18.00,62.70,28.90,190.00,0.65,0.33,0.30,1.99,0.91,1054,57.31,102.56,53.32,44.50,17.42,14.54,207.50,8.63,0.65,0.33,0.30,1.99,0.91,1054,57.31,102.56,53.32,44.50,17.42,14.54,207.50,8.63,0.62,0.29,0.28,2.17,0.99,517,57.06,101.55,57.16,48.50,16.40,13.92,187.60,8.90,0.62,0.29,0.28,2.17,0.99,307,61.89,101.00,61.88,48.45,17.77,13.91,196.60,9.16,47500.00,8.42,45.22,228.16,11.84
2025-11-10,Justin Champagnie,SF/PF,WAS,DET,3900,16.58,0.24,15.10,3.87,,,Washington Wizards,Detroit Pistons,Justin Champagnie,9,0.13,9.30,11.20,9.80,185,9,0.13,9.30,11.20,9.80,185,5,0.12,13.90,15.80,14.50,154,3.00,0.12,19.10,18.70,16.60,106.00,0.95,0.83,0.45,1.14,0.54,1054,17.55,102.56,9.81,18.95,8.14,15.73,207.50,4.48,0.95,0.83,0.45,1.14,0.54,1054,17.55,102.56,9.81,18.95,8.14,15.73,207.50,4.48,0.96,0.88,0.45,1.09,0.51,517,29.79,101.55,15.52,18.06,13.65,15.89,187.60,7.41,1.15,1.02,0.54,1.13,0.53,307,34.53,101.00,18.46,18.67,18.85,19.07,196.60,9.72,47500.00,8.21,45.22,228.16,11.84
2025-11-10,Dean Wade,PF/SF,CLE,MIA,3900,20.21,0.13,14.90,3.82,,,Cleveland Cavaliers,Miami Heat,Dean Wade,9,0.11,15.40,25.10,21.20,419,9,0.11,15.40,25.10,21.20,419,4,0.12,17.40,23.50,18.80,165,2.00,0.11,8.10,8.50,9.90,42.00,0.73,0.61,0.33,1.18,0.54,1030,40.68,104.95,23.02,23.92,14.12,14.68,256.20,6.01,0.73,0.61,0.33,1.18,0.54,1030,40.68,104.95,23.02,23.92,14.12,14.68,256.20,6.01,0.93,0.74,0.42,1.25,0.57,517,31.91,104.95,19.08,25.26,14.13,18.70,280.10,6.21,0.82,0.95,0.39,0.86,0.40,312,13.46,106.00,5.78,17.35,5.50,16.53,261.50,3.10,53800.00,7.25,47.41,232.00,8.00
2025-11-10,Jeremy Sochan,PF,SA,CHI,4800,20.34,0.09,14.75,3.07,,,San Antonio Spurs,Chicago Bulls,Jeremy Sochan,3,0.17,17.10,29.00,19.30,121,3,0.17,17.10,29.00,19.30,121,3,0.17,17.10,29.00,19.30,121,3.00,0.17,17.10,29.00,19.30,121.00,0.89,0.59,0.42,1.50,0.72,908,13.33,101.15,9.69,30.56,5.71,18.02,237.50,7.20,0.89,0.59,0.42,1.50,0.72,908,13.33,101.15,9.69,30.56,5.71,18.02,237.50,7.20,0.89,0.59,0.42,1.50,0.72,506,23.91,101.25,17.41,30.56,10.27,18.02,236.90,7.22,0.89,0.59,0.42,1.50,0.72,302,40.07,101.75,29.31,30.56,17.28,18.02,238.50,7.17,51000.00,9.41,35.13,218.81,21.19
2025-11-10,Simone Fontecchio,SF,MIA,CLE,3800,19.53,0.07,14.74,3.88,,,Miami Heat,Cleveland Cavaliers,Simone Fontecchio,10,0.17,17.10,24.80,19.60,438,10,0.17,17.10,24.80,19.60,438,5,0.18,13.00,23.20,17.60,199,3.00,0.14,13.30,19.30,17.60,117.00,0.87,0.69,0.39,1.27,0.57,1071,40.90,104.95,24.30,24.71,16.76,17.04,227.80,7.51,0.87,0.69,0.39,1.27,0.57,1071,40.90,104.95,24.30,24.71,16.76,17.04,227.80,7.51,0.74,0.56,0.33,1.32,0.58,534,37.27,104.95,22.80,25.75,12.77,14.43,238.80,5.44,0.76,0.69,0.34,1.10,0.49,326,35.89,106.00,18.83,21.42,12.97,14.76,261.80,5.08,48300.00,7.87,40.95,235.86,4.14
2025-11-10,Corey Kispert,SF,WAS,DET,3800,17.91,0.06,14.47,3.81,,,Washington Wizards,Detroit Pistons,Corey Kispert,10,0.15,14.40,25.30,19.10,431,10,0.15,14.40,25.30,19.10,431,5,0.16,14.10,23.80,17.40,192,3.00,0.14,16.60,26.30,19.10,126.00,0.75,0.57,0.33,1.32,0.59,1054,40.89,102.56,24.62,23.72,14.01,13.50,207.50,6.94,0.75,0.57,0.33,1.32,0.59,1054,40.89,102.56,24.62,23.72,14.01,13.50,207.50,6.94,0.81,0.59,0.37,1.37,0.62,517,37.14,101.55,23.37,24.50,13.85,14.51,187.60,7.52,0.87,0.63,0.40,1.38,0.63,307,41.04,101.00,25.96,24.66,16.38,15.57,196.60,8.44,47500.00,8.00,45.22,228.16,11.84
2025-11-10,Yves Missi,C,NO,PHO,4100,19.78,1.70,13.79,3.36,,,New Orleans Pelicans,Phoenix Suns,Yves Missi,5,0.13,20.40,33.00,23.20,244,5,0.13,20.40,33.00,23.20,244,2,0.12,20.30,36.50,24.80,103,2.00,0.12,20.30,36.50,24.80,103.00,0.88,0.62,0.42,1.42,0.68,906,26.93,99.86,18.19,28.14,11.24,17.39,184.60,11.05,0.88,0.62,0.42,1.42,0.68,906,26.93,99.86,18.19,28.14,11.24,17.39,184.60,11.05,0.82,0.56,0.39,1.47,0.71,501,20.56,98.75,14.39,29.11,8.00,16.19,200.20,10.14,0.82,0.56,0.39,1.47,0.71,301,34.22,97.41,23.62,29.11,13.14,16.19,226.60,8.96,47000.00,8.72,52.48,236.10,3.90
2025-11-10,Ace Bailey,SG/SF,UTA,MIN,4000,18.38,0.20,13.04,3.26,,,Utah Jazz,Minnesota Timberwolves,Ace Bailey,9,0.18,12.20,19.70,18.40,357,9,0.18,12.20,19.70,18.40,357,5,0.19,14.40,22.40,20.60,219,3.00,0.18,14.10,23.00,20.50,132.00,0.66,0.62,0.31,1.07,0.50,925,38.59,101.02,19.36,19.68,11.99,12.19,172.90,7.06,0.66,0.62,0.31,1.07,0.50,925,38.59,101.02,19.36,19.68,11.99,12.19,172.90,7.06,0.70,0.64,0.33,1.09,0.51,506,43.28,101.25,22.41,19.98,14.41,12.85,164.70,8.74,0.69,0.61,0.32,1.12,0.52,304,43.42,102.09,23.17,20.62,14.21,12.64,171.60,8.22,40900.00,9.78,27.51,196.29,43.71
2025-11-10,Kevon Looney,C,NO,PHO,3800,17.89,0.06,12.86,3.38,,,New Orleans Pelicans,Phoenix Suns,Kevon Looney,4,0.15,13.20,31.30,15.80,137,4,0.15,13.20,31.30,15.80,137,4,0.15,13.20,31.30,15.80,137,3.00,0.16,14.10,32.70,15.60,100.00,0.84,0.42,0.39,1.98,0.91,906,15.12,99.86,13.80,35.45,5.82,14.95,184.60,7.15,0.84,0.42,0.39,1.98,0.91,906,15.12,99.86,13.80,35.45,5.82,14.95,184.60,7.15,0.84,0.42,0.39,1.98,0.91,501,27.35,98.75,24.68,35.45,10.41,14.95,200.20,6.59,0.90,0.43,0.42,2.10,0.98,301,33.22,97.41,31.75,37.51,13.69,16.17,226.60,6.22,47000.00,8.09,52.48,236.10,3.90
2025-11-10,Klay Thompson,SF/SG,DAL,MIL,3800,17.92,0.24,12.78,3.36,,,Dallas Mavericks,Milwaukee Bucks,Klay Thompson,9,0.20,14.60,25.00,20.00,399,9,0.20,14.60,25.00,20.00,399,4,0.19,14.80,22.50,19.10,166,2.00,0.17,14.50,21.00,19.20,85.00,0.73,0.58,0.33,1.25,0.56,1027,38.85,102.50,22.46,22.40,13.11,13.08,182.50,8.00,0.73,0.58,0.33,1.25,0.56,1027,38.85,102.50,22.46,22.40,13.11,13.08,182.50,8.00,0.77,0.66,0.36,1.18,0.54,506,32.81,101.25,18.01,21.11,11.85,13.89,199.30,7.43,0.76,0.69,0.34,1.09,0.49,302,28.15,101.00,14.05,19.60,9.70,13.54,199.40,7.27,43000.00,8.84,8.00,206.64,33.36
2025-11-10,Jaylen Clark,SG,MIN,UTA,3700,17.58,0.06,12.58,3.40,,,Minnesota Timberwolves,Utah Jazz,Jaylen Clark,8,0.13,12.80,13.30,16.60,277,8,0.13,12.80,13.30,16.60,277,5,0.12,12.10,12.80,17.50,180,3.00,0.11,13.40,12.70,16.00,99.00,0.77,0.96,0.37,0.80,0.38,1008,27.48,101.02,10.66,14.09,10.26,13.56,224.10,5.71,0.77,0.96,0.37,0.80,0.38,1008,27.48,101.02,10.66,14.09,10.26,13.56,224.10,5.71,0.69,0.95,0.34,0.73,0.36,507,35.50,101.25,12.78,12.86,12.08,12.16,235.30,5.14,0.84,1.06,0.41,0.79,0.38,309,32.04,102.09,12.59,13.96,13.28,14.73,221.10,6.06,48700.00,7.60,49.05,220.15,19.85
2025-11-10,Luke Kennard,SG/PG,ATL,LAC,3900,24.26,0.22,12.42,3.19,,,Atlanta Hawks,LA Clippers,Luke Kennard,8,0.13,15.60,30.10,25.20,430,8,0.13,15.60,30.10,25.20,430,3,0.13,15.70,24.70,26.30,175,1.00,0.18,13.20,20.00,19.70,45.00,0.62,0.52,0.29,1.19,0.56,1020,42.16,99.31,23.44,28.98,12.15,15.02,220.80,7.07,0.62,0.52,0.29,1.19,0.56,1020,42.16,99.31,23.44,28.98,12.15,15.02,220.80,7.07,0.60,0.64,0.27,0.94,0.42,508,34.45,99.35,14.49,22.79,9.21,14.48,231.20,6.79,0.67,0.66,0.29,1.02,0.44,300,15.00,97.34,6.49,24.63,4.28,16.26,228.90,5.77,49200.00,7.93,18.84,214.27,25.73
2025-11-10,Kris Murray,SF,POR,ORL,3700,22.81,0.65,12.32,3.33,,,Portland Trail Blazers,Orlando Magic,Kris Murray,8,0.10,13.50,20.10,22.20,390,8,0.10,13.50,20.10,22.20,390,4,0.12,14.10,22.50,22.80,197,3.00,0.11,10.20,19.70,20.60,136.00,0.61,0.67,0.28,0.91,0.41,952,40.97,103.95,17.56,20.65,11.79,13.87,209.20,6.45,0.61,0.67,0.28,0.91,0.41,952,40.97,103.95,17.56,20.65,11.79,13.87,209.20,6.45,0.62,0.63,0.29,0.99,0.46,531,37.10,102.95,17.45,22.51,10.93,14.11,213.10,6.62,0.50,0.52,0.22,0.96,0.43,322,42.24,102.83,18.87,21.81,9.77,11.29,215.40,4.74,41900.00,8.83,59.23,203.60,36.40
2025-11-10,Daniss Jenkins,PG,DET,WAS,3500,16.32,0.66,12.14,3.47,,,Detroit Pistons,Washington Wizards,Daniss Jenkins,5,0.16,7.60,18.80,9.30,100,5,0.16,7.60,18.80,9.30,100,1,0.31,7.20,12.00,5.30,11,1.00,0.31,7.20,12.00,5.30,11.00,0.82,0.40,0.38,2.02,0.94,1009,9.91,102.56,9.55,32.99,3.86,13.34,170.70,4.45,0.82,0.40,0.38,2.02,0.94,1009,9.91,102.56,9.55,32.99,3.86,13.34,170.70,4.45,1.36,0.60,0.65,2.26,1.09,500,2.20,101.55,2.44,36.96,1.46,22.17,180.20,4.00,1.36,0.60,0.65,2.26,1.09,300,3.67,101.00,4.04,36.96,2.42,22.17,180.60,3.99,45400.00,7.71,110.72,226.75,13.25
2025-11-10,Khris Middleton,SG/SF,WAS,DET,4400,24.93,2.24,11.91,2.71,Confirmed,,Washington Wizards,Detroit Pistons,Khris Middleton,7,0.17,19.50,31.70,24.40,377,7,0.17,19.50,31.70,24.40,377,2,0.10,12.50,26.00,21.20,95,1.00,0.09,10.40,23.00,21.90,48.00,0.80,0.62,0.36,1.30,0.59,1054,35.77,102.56,21.59,32.38,13.28,19.92,207.50,9.40,0.80,0.62,0.36,1.30,0.59,1054,35.77,102.56,21.59,32.38,13.28,19.92,207.50,9.40,0.59,0.48,0.26,1.23,0.55,517,18.38,101.55,10.21,30.57,4.91,14.70,187.60,6.66,0.47,0.45,0.22,1.05,0.48,307,15.64,101.00,7.57,26.18,3.42,11.84,196.60,5.29,47500.00,9.26,45.22,228.16,11.84
2025-11-10,John Collins,PF/C,LAC,ATL,4800,23.20,18.23,11.88,2.48,,,LA Clippers,Atlanta Hawks,John Collins,9,0.22,22.70,37.20,24.60,446,9,0.22,22.70,37.20,24.60,446,5,0.24,21.00,36.60,24.10,240,3.00,0.25,24.10,39.70,25.50,149.00,0.92,0.61,0.46,1.51,0.75,869,51.32,0.00,0.00,35.08,0.00,21.41,169.10,13.42,0.92,0.61,0.46,1.51,0.75,869,51.32,0.00,0.00,35.08,0.00,21.41,169.10,13.42,0.87,0.57,0.44,1.52,0.76,485,49.48,0.00,0.00,35.23,0.00,20.21,173.50,12.10,0.95,0.61,0.49,1.56,0.80,284,52.46,0.00,0.00,36.12,0.00,21.93,169.20,14.24,40500.00,11.85,57.66,200.86,39.14
2025-11-10,Derrick Jones,SF/PF,LAC,ATL,4000,27.09,3.59,11.48,2.87,,,LA Clippers,Atlanta Hawks,Derrick Jones Jr.,9,0.14,18.60,28.70,24.50,451,9,0.14,18.60,28.70,24.50,451,5,0.15,20.40,31.60,26.70,277,3.00,0.16,18.20,30.70,25.90,157.00,0.76,0.65,0.37,1.17,0.57,869,51.90,0.00,0.00,31.73,0.00,20.56,169.10,11.00,0.76,0.65,0.37,1.17,0.57,869,51.90,0.00,0.00,31.73,0.00,20.56,169.10,11.00,0.76,0.65,0.37,1.18,0.57,485,57.11,0.00,0.00,32.06,0.00,20.70,173.50,11.76,0.70,0.59,0.35,1.19,0.59,284,55.28,0.00,0.00,32.11,0.00,19.03,169.20,10.76,40500.00,9.88,57.66,200.86,39.14
2025-11-10,Kris Dunn,PG/SG,LAC,ATL,4100,27.63,7.81,11.48,2.80,,,LA Clippers,Atlanta Hawks,Kris Dunn,9,0.13,17.50,50.40,24.90,461,9,0.13,17.50,50.40,24.90,461,5,0.12,20.50,55.00,26.60,273,3.00,0.12,20.30,64.00,29.10,175.00,0.70,0.35,0.34,2.02,0.98,869,53.05,0.00,0.00,55.92,0.00,19.42,169.10,10.35,0.70,0.35,0.34,2.02,0.98,869,53.05,0.00,0.00,55.92,0.00,19.42,169.10,10.35,0.77,0.37,0.38,2.07,1.01,485,56.29,0.00,0.00,57.12,0.00,21.29,173.50,11.82,0.70,0.32,0.35,2.20,1.10,284,61.62,0.00,0.00,60.76,0.00,19.27,169.20,12.00,40500.00,10.12,57.66,200.86,39.14
2025-11-10,Cam Whitmore,SF,WAS,DET,3900,16.12,0.10,11.07,2.84,,,Washington Wizards,Detroit Pistons,Cam Whitmore,10,0.23,13.10,19.70,15.30,344,10,0.23,13.10,19.70,15.30,344,5,0.19,9.20,15.00,13.80,151,3.00,0.20,9.50,13.30,14.00,88.00,0.86,0.66,0.38,1.29,0.57,1054,32.64,102.56,19.17,20.75,12.75,13.80,207.50,6.31,0.86,0.66,0.38,1.29,0.57,1054,32.64,102.56,19.17,20.75,12.75,13.80,207.50,6.31,0.67,0.61,0.30,1.09,0.50,517,29.21,101.55,14.73,17.52,9.04,10.75,187.60,4.90,0.68,0.71,0.32,0.95,0.45,307,28.66,101.00,13.13,15.31,9.38,10.94,196.60,4.83,47500.00,8.21,45.22,228.16,11.84
2025-11-10,Taylor Hendricks,PF/SF,UTA,MIN,3700,15.13,0.23,10.64,2.88,Q,,Utah Jazz,Minnesota Timberwolves,Taylor Hendricks,9,0.12,12.00,17.00,16.50,326,9,0.12,12.00,17.00,16.50,326,5,0.12,10.90,16.80,15.80,168,3.00,0.13,10.10,18.30,16.30,104.00,0.73,0.71,0.33,1.03,0.47,925,35.24,101.02,16.71,15.59,11.79,11.00,172.90,6.94,0.73,0.71,0.33,1.03,0.47,925,35.24,101.02,16.71,15.59,11.79,11.00,172.90,6.94,0.69,0.65,0.32,1.06,0.50,506,33.20,101.25,16.81,16.09,10.91,10.44,164.70,6.62,0.62,0.55,0.29,1.12,0.53,304,34.21,102.09,18.44,16.99,10.18,9.38,171.60,5.89,40900.00,9.05,27.51,196.29,43.71
2025-11-10,Liam McNeeley,SF,CHA,LAL,3700,15.90,0.01,9.56,2.58,,,Charlotte Hornets,Los Angeles Lakers,Liam McNeeley,7,0.13,8.00,13.60,11.80,185,7,0.13,8.00,13.60,11.80,185,5,0.13,8.90,15.40,13.10,143,3.00,0.11,9.00,15.00,13.90,92.00,0.68,0.59,0.30,1.15,0.51,927,19.96,102.16,10.49,18.33,6.17,10.78,185.70,4.31,0.68,0.59,0.30,1.15,0.51,927,19.96,102.16,10.49,18.33,6.17,10.78,185.70,4.31,0.68,0.58,0.31,1.18,0.54,502,28.49,100.70,15.45,18.70,8.93,10.81,195.80,4.55,0.65,0.60,0.29,1.08,0.49,305,30.16,101.16,14.93,17.16,8.96,10.30,222.10,4.05,43400.00,8.53,34.44,213.90,26.10
2025-11-10,Bradley Beal,SG/SF,LAC,ATL,4200,21.97,0.36,7.76,1.85,Q,,LA Clippers,Atlanta Hawks,Bradley Beal,6,0.22,11.70,29.50,20.20,246,6,0.22,11.70,29.50,20.20,246,4,0.26,13.20,31.00,20.20,169,2.00,0.30,12.10,35.50,19.60,81.00,0.58,0.40,0.29,1.46,0.72,869,28.31,0.00,0.00,32.09,0.00,12.73,169.10,6.92,0.58,0.40,0.29,1.46,0.72,869,28.31,0.00,0.00,32.09,0.00,12.73,169.10,6.92,0.65,0.43,0.31,1.53,0.73,485,34.85,0.00,0.00,33.72,0.00,14.36,173.50,7.61,0.62,0.34,0.30,1.81,0.88,284,28.52,0.00,0.00,39.80,0.00,13.56,169.20,7.15,40500.00,10.37,57.66,200.86,39.14
2025-11-10,Jordan Hawkins,SG,NO,PHO,3600,19.04,0.32,7.70,2.14,,,New Orleans Pelicans,Phoenix Suns,Jordan Hawkins,8,0.16,7.50,16.10,14.90,246,8,0.16,7.50,16.10,14.90,246,4,0.17,6.50,18.30,15.40,130,3.00,0.18,8.70,21.30,18.30,116.00,0.50,0.47,0.24,1.08,0.52,906,27.15,99.86,14.20,20.58,6.61,9.59,184.60,4.06,0.50,0.47,0.24,1.08,0.52,906,27.15,99.86,14.20,20.58,6.61,9.59,184.60,4.06,0.42,0.36,0.20,1.19,0.56,501,25.95,98.75,14.43,22.63,5.12,8.04,200.20,3.25,0.48,0.41,0.23,1.16,0.55,301,38.54,97.41,20.68,22.17,8.45,9.05,226.60,3.84,47000.00,7.66,52.48,236.10,3.90
2025-11-10,Brook Lopez,C,LAC,ATL,3800,16.39,0.09,7.44,1.96,,,LA Clippers,Atlanta Hawks,Brook Lopez,9,0.21,13.60,20.30,15.80,285,9,0.21,13.60,20.30,15.80,285,5,0.21,11.60,17.60,15.10,153,3.00,0.22,12.30,18.00,15.50,90.00,0.86,0.67,0.43,1.28,0.64,869,32.80,0.00,0.00,21.06,0.00,14.11,169.10,8.04,0.86,0.67,0.43,1.28,0.64,869,32.80,0.00,0.00,21.06,0.00,14.11,169.10,8.04,0.77,0.66,0.38,1.17,0.58,485,31.55,0.00,0.00,19.10,0.00,12.59,173.50,6.69,0.79,0.68,0.41,1.16,0.60,284,31.69,0.00,0.00,19.03,0.00,13.00,169.20,7.27,40500.00,9.38,57.66,200.86,39.14
2025-11-10,Isaiah Collier,PG,UTA,MIN,4200,25.90,5.41,6.79,1.62,,,Utah Jazz,Minnesota Timberwolves,Isaiah Collier,1,0.20,10.50,72.00,26.30,59,1,0.20,10.50,72.00,26.30,59,1,0.20,10.50,72.00,26.30,59,1.00,0.20,10.50,72.00,26.30,59.00,0.40,0.15,0.18,2.74,1.22,925,6.38,101.02,7.86,70.90,1.15,10.34,172.90,6.07,0.40,0.15,0.18,2.74,1.22,925,6.38,101.02,7.86,70.90,1.15,10.34,172.90,6.07,0.40,0.15,0.18,2.74,1.22,506,11.66,101.25,14.41,70.90,2.10,10.34,164.70,6.38,0.40,0.15,0.18,2.74,1.22,304,19.41,102.09,24.18,70.90,3.53,10.34,171.60,6.12,40900.00,10.27,27.51,196.29,43.71
2025-11-10,Tyus Jones,PG,ORL,POR,3600,16.52,0.41,6.24,1.73,,,Orlando Magic,Portland Trail Blazers,Tyus Jones,10,0.09,6.30,27.20,13.10,279,10,0.09,6.30,27.20,13.10,279,5,0.08,5.10,22.00,10.90,112,3.00,0.05,2.60,15.30,8.60,49.00,0.48,0.23,0.23,2.08,0.97,1018,27.41,103.95,27.77,34.29,6.43,7.94,196.90,3.20,0.48,0.23,0.23,2.08,0.97,1018,27.41,103.95,27.77,34.29,6.43,7.94,196.90,3.20,0.47,0.23,0.23,2.02,0.98,497,22.54,102.95,22.79,33.34,5.28,7.73,200.40,2.54,0.30,0.17,0.16,1.78,0.94,294,16.67,102.83,16.05,29.38,2.73,4.99,186.50,1.39,44700.00,8.05,58.37,214.82,25.18
2025-11-10,Bobi Klintman,PF,DET,WAS,3600,16.08,0.09,6.09,1.69,,,Detroit Pistons,Washington Wizards,Bobi Klintman,3,0.16,7.00,10.70,9.10,62,3,0.16,7.00,10.70,9.10,62,2,0.18,4.80,11.00,10.20,47,2.00,0.18,4.80,11.00,10.20,47.00,0.77,0.65,0.34,1.18,0.52,1009,6.14,102.56,3.26,18.91,2.13,12.37,170.70,4.10,0.77,0.65,0.34,1.18,0.52,1009,6.14,102.56,3.26,18.91,2.13,12.37,170.70,4.10,0.47,0.44,0.20,1.08,0.47,500,9.40,101.55,4.47,17.35,1.95,7.57,180.20,2.66,0.47,0.44,0.20,1.08,0.47,300,15.67,101.00,7.41,17.35,3.23,7.57,180.60,2.66,45400.00,7.93,110.72,226.75,13.25
2025-11-10,Amir Coffey,SF,MIL,DAL,3600,16.37,0.05,5.79,1.61,,,Milwaukee Bucks,Dallas Mavericks,Amir Coffey,10,0.06,4.30,8.60,10.30,219,10,0.06,4.30,8.60,10.30,219,5,0.06,5.00,8.60,10.40,110,3.00,0.04,3.30,7.00,11.20,71.00,0.42,0.50,0.20,0.83,0.39,1021,21.45,102.50,8.63,13.67,4.32,6.83,229.90,1.87,0.42,0.50,0.20,0.83,0.39,1021,21.45,102.50,8.63,13.67,4.32,6.83,229.90,1.87,0.48,0.58,0.23,0.83,0.39,506,21.74,101.25,8.60,13.53,5.00,7.87,219.90,2.27,0.29,0.47,0.14,0.62,0.30,304,23.36,101.00,6.98,10.23,3.29,4.82,223.00,1.48,50900.00,7.07,23.35,233.49,6.51
2025-11-10,Nicolas Batum,SF,LAC,ATL,3600,18.05,0.27,5.32,1.48,,,LA Clippers,Atlanta Hawks,Nicolas Batum,9,0.11,10.30,24.40,15.90,295,9,0.11,10.30,24.40,15.90,295,5,0.12,7.60,26.00,17.00,171,3.00,0.13,10.40,32.00,20.60,123.00,0.65,0.42,0.31,1.53,0.74,869,33.95,0.00,0.00,27.70,0.00,11.69,169.10,6.09,0.65,0.42,0.31,1.53,0.74,869,33.95,0.00,0.00,27.70,0.00,11.69,169.10,6.09,0.45,0.29,0.22,1.53,0.76,485,35.26,0.00,0.00,27.61,0.00,8.07,173.50,4.38,0.50,0.33,0.25,1.55,0.78,284,43.31,0.00,0.00,28.04,0.00,9.11,169.20,6.15,40500.00,8.89,57.66,200.86,39.14
2025-11-10,Micah Peavy,SG,NO,PHO,3600,15.41,0.07,4.81,1.34,,,New Orleans Pelicans,Phoenix Suns,Micah Peavy,5,0.12,5.80,11.00,10.80,111,5,0.12,5.80,11.00,10.80,111,3,0.10,5.30,14.30,14.30,88,2.00,0.06,4.80,15.50,18.00,74.00,0.54,0.53,0.26,1.02,0.50,906,12.25,99.86,6.06,15.70,3.20,8.28,184.60,3.14,0.54,0.53,0.26,1.02,0.50,906,12.25,99.86,6.06,15.70,3.20,8.28,184.60,3.14,0.37,0.37,0.18,1.00,0.49,501,17.56,98.75,8.46,15.41,3.13,5.71,200.20,2.65,0.27,0.31,0.13,0.86,0.42,301,24.58,97.41,10.03,13.27,3.11,4.11,226.60,2.12,47000.00,7.66,52.48,236.10,3.90
2025-11-10,Chaz Lanier,SG,DET,WAS,3500,15.69,0.82,4.05,1.16,,,Detroit Pistons,Washington Wizards,Chaz Lanier,6,0.16,3.10,5.80,5.80,78,6,0.16,3.10,5.80,5.80,78,2,0.17,0.60,2.00,1.70,8,1.00,0.18,1.20,4.00,3.00,7.00,0.53,0.53,0.24,1.00,0.45,1009,7.73,102.56,3.54,15.69,1.89,8.39,170.70,1.82,0.53,0.53,0.24,1.00,0.45,1009,7.73,102.56,3.54,15.69,1.89,8.39,170.70,1.82,0.35,0.30,0.15,1.18,0.50,500,1.60,101.55,0.81,18.46,0.24,5.54,180.20,0.33,0.40,0.30,0.17,1.33,0.57,300,2.33,101.00,1.35,20.92,0.40,6.28,180.60,0.66,45400.00,7.71,110.72,226.75,13.25
